Filename,Predictions
ISIC_0028858.jpg,bcc
ISIC_0029888.jpg,nv
ISIC_0032481.jpg,bkl
SPECB_ISIC_0032154.jpg,akiec
ROT_ISIC_0024546.jpg,mel
ISIC_0024592.jpg,bkl
ROT_ISIC_0026090.jpg,bcc
ISIC_0031637.jpg,nv
ISIC_0033743.jpg,nv
ISIC_0031929.jpg,akiec
ISIC_0028941.jpg,akiec
ROT_ISIC_0034011.jpg,bkl
ISIC_0026273.jpg,bkl
ROT_ISIC_0027053.jpg,bkl
ROT_ISIC_0030501.jpg,mel
ROT_ISIC_0034064.jpg,mel
ISIC_0027658.jpg,nv
ISIC_0029798.jpg,nv
ISIC_0025194.jpg,nv
ISIC_0027295.jpg,bkl
ROT_ISIC_0028386.jpg,bkl
ISIC_0031642.jpg,mel
SPECB_ISIC_0026349.jpg,vasc
SPECB_ISIC_0026652.jpg,mel
SPEC_ISIC_0027042.jpg,bkl
ISIC_0031890.jpg,bkl
ISIC_0032006.jpg,bkl
ROT_ISIC_0032185.jpg,bcc
SPECB_ISIC_0027790.jpg,vasc
ISIC_0026336.jpg,vasc
ISIC_0025163.jpg,nv
SPECB_ISIC_0024702.jpg,mel
ISIC_0032864.jpg,mel
SPECB_ISIC_0033952.jpg,bkl
ISIC_0031206.jpg,nv
ROT_ISIC_0031824.jpg,bcc
ISIC_0028534.jpg,nv
ISIC_0024783.jpg,nv
ISIC_0033171.jpg,nv
ISIC_0025002.jpg,nv
ISIC_0027539.jpg,nv
SPEC_ISIC_0032382.jpg,bkl
ISIC_0030040.jpg,nv
ISIC_0028591.jpg,mel
ISIC_0028293.jpg,bcc
ROT_ISIC_0029522.jpg,bkl
ISIC_0025881.jpg,nv
SPECB_ISIC_0028146.jpg,vasc
ISIC_0027743.jpg,nv
ISIC_0024565.jpg,nv
ISIC_0025000.jpg,nv
SPECB_ISIC_0027525.jpg,bcc
ISIC_0030455.jpg,nv
SPEC_ISIC_0034103.jpg,bcc
SPEC_ISIC_0030849.jpg,bkl
ROT_ISIC_0028155.jpg,bcc
SPECB_ISIC_0033725.jpg,mel
ROT_ISIC_0029281.jpg,mel
ISIC_0026055.jpg,nv
ISIC_0032447.jpg,mel
SPECB_ISIC_0031499.jpg,mel
ISIC_0028490.jpg,bkl
ISIC_0027188.jpg,df
ISIC_0030721.jpg,bkl
ISIC_0025639.jpg,nv
ISIC_0032326.jpg,nv
ROT_ISIC_0025504.jpg,df
ROT_ISIC_0032199.jpg,akiec
ISIC_0031310.jpg,mel
ISIC_0033192.jpg,mel
ISIC_0024644.jpg,bkl
ISIC_0031369.jpg,mel
ISIC_0031554.jpg,mel
ROT_ISIC_0028120.jpg,bkl
SPECB_ISIC_0025617.jpg,bcc
ISIC_0030818.jpg,mel
ROT_ISIC_0028294.jpg,bkl
ROT_ISIC_0033773.jpg,mel
ISIC_0026574.jpg,bcc
SPEC_ISIC_0029559.jpg,bkl
ISIC_0032989.jpg,nv
ISIC_0027433.jpg,bcc
ISIC_0028518.jpg,nv
ISIC_0032430.jpg,mel
ISIC_0029722.jpg,nv
SPECB_ISIC_0030203.jpg,bkl
ISIC_0031814.jpg,nv
ISIC_0025484.jpg,bkl
ISIC_0029405.jpg,nv
ISIC_0026955.jpg,bkl
ISIC_0029467.jpg,nv
SPECB_ISIC_0029260.jpg,bkl
ROT_ISIC_0026783.jpg,bkl
ISIC_0030209.jpg,nv
ISIC_0029785.jpg,nv
ISIC_0026876.jpg,vasc
ISIC_0028519.jpg,mel
SPECB_ISIC_0029974.jpg,bcc
ISIC_0028843.jpg,nv
SPECB_ISIC_0029857.jpg,bcc
SPECB_ISIC_0034160.jpg,bcc
ISIC_0024682.jpg,mel
SPECB_ISIC_0026068.jpg,vasc
SPEC_ISIC_0025083.jpg,bkl
SPEC_ISIC_0028343.jpg,bkl
ISIC_0028723.jpg,nv
ROT_ISIC_0030929.jpg,mel
ISIC_0028561.jpg,nv
SPECB_ISIC_0027229.jpg,bcc
ISIC_0029232.jpg,bkl
ISIC_0030772.jpg,nv
ISIC_0027082.jpg,nv
SPEC_ISIC_0030283.jpg,vasc
ROT_ISIC_0032536.jpg,bcc
ISIC_0025294.jpg,nv
ROT_ISIC_0024853.jpg,akiec
SPECB_ISIC_0025777.jpg,bkl
ISIC_0026937.jpg,nv
ROT_ISIC_0031286.jpg,akiec
ISIC_0030566.jpg,nv
SPECB_ISIC_0032626.jpg,mel
ROT_ISIC_0032396.jpg,mel
SPECB_ISIC_0029897.jpg,bkl
ROT_ISIC_0032775.jpg,vasc
SPECB_ISIC_0028079.jpg,bcc
ISIC_0031678.jpg,bkl
SPEC_ISIC_0026947.jpg,bkl
ISIC_0031074.jpg,nv
SPECB_ISIC_0026409.jpg,bkl
ISIC_0027927.jpg,nv
ROT_ISIC_0026623.jpg,bkl
ISIC_0027468.jpg,mel
SPEC_ISIC_0024839.jpg,bkl
SPECB_ISIC_0026018.jpg,bkl
SPEC_ISIC_0030533.jpg,bkl
ROT_ISIC_0028148.jpg,mel
ISIC_0033705.jpg,akiec
ISIC_0027457.jpg,nv
ISIC_0025203.jpg,nv
ISIC_0030749.jpg,nv
ISIC_0031494.jpg,mel
ROT_ISIC_0025594.jpg,df
ISIC_0028791.jpg,nv
ISIC_0031942.jpg,mel
ISIC_0032455.jpg,akiec
SPECB_ISIC_0030767.jpg,bcc
SPECB_ISIC_0024867.jpg,vasc
SPEC_ISIC_0027774.jpg,bcc
ROT_ISIC_0025266.jpg,bcc
ROT_ISIC_0031799.jpg,df
SPECB_ISIC_0029201.jpg,bcc
ROT_ISIC_0027100.jpg,mel
SPECB_ISIC_0026531.jpg,mel
ROT_ISIC_0032854.jpg,akiec
ROT_ISIC_0031527.jpg,bcc
ROT_ISIC_0025513.jpg,bcc
SPECB_ISIC_0033893.jpg,mel
ISIC_0031662.jpg,nv
SPECB_ISIC_0033670.jpg,mel
ROT_ISIC_0032694.jpg,bkl
ISIC_0032657.jpg,nv
SPEC_ISIC_0029549.jpg,akiec
ISIC_0027087.jpg,nv
ISIC_0033022.jpg,bkl
ROT_ISIC_0032660.jpg,bcc
ROT_ISIC_0031550.jpg,mel
ISIC_0029854.jpg,nv
ROT_ISIC_0024409.jpg,bkl
ROT_ISIC_0029927.jpg,bkl
SPEC_ISIC_0030830.jpg,df
ROT_ISIC_0031929.jpg,akiec
ISIC_0031374.jpg,mel
ROT_ISIC_0029731.jpg,bkl
ISIC_0026475.jpg,mel
ISIC_0029960.jpg,nv
ROT_ISIC_0031376.jpg,bkl
ROT_ISIC_0033578.jpg,mel
SPEC_ISIC_0026607.jpg,nv
SPEC_ISIC_0030487.jpg,akiec
ROT_ISIC_0034252.jpg,bkl
ISIC_0030547.jpg,nv
ISIC_0026425.jpg,nv
ROT_ISIC_0027188.jpg,df
ISIC_0027922.jpg,nv
ISIC_0031921.jpg,nv
SPECB_ISIC_0026827.jpg,bkl
SPECB_ISIC_0027060.jpg,mel
ISIC_0032701.jpg,nv
ROT_ISIC_0026178.jpg,akiec
ISIC_0025548.jpg,nv
SPECB_ISIC_0032687.jpg,mel
SPEC_ISIC_0024468.jpg,akiec
ISIC_0024410.jpg,mel
SPEC_ISIC_0026905.jpg,akiec
ISIC_0033924.jpg,bkl
ROT_ISIC_0031335.jpg,akiec
ISIC_0029861.jpg,nv
SPECB_ISIC_0032929.jpg,bkl
ROT_ISIC_0027337.jpg,bcc
ISIC_0029284.jpg,nv
ISIC_0029466.jpg,bcc
ISIC_0029694.jpg,nv
ISIC_0032687.jpg,nv
ROT_ISIC_0028236.jpg,bkl
ISIC_0029869.jpg,nv
SPEC_ISIC_0032513.jpg,bkl
ISIC_0027598.jpg,df
ROT_ISIC_0032642.jpg,bkl
SPEC_ISIC_0028511.jpg,bkl
ISIC_0026884.jpg,nv
SPEC_ISIC_0027343.jpg,akiec
ISIC_0032700.jpg,nv
SPECB_ISIC_0027559.jpg,bkl
SPECB_ISIC_0034255.jpg,bcc
ISIC_0028393.jpg,akiec
ROT_ISIC_0025663.jpg,mel
ISIC_0033446.jpg,bkl
ISIC_0028045.jpg,nv
ROT_ISIC_0025471.jpg,akiec
ROT_ISIC_0025394.jpg,mel
SPECB_ISIC_0033975.jpg,mel
ISIC_0029450.jpg,nv
ISIC_0026833.jpg,nv
ISIC_0029661.jpg,nv
SPECB_ISIC_0026586.jpg,mel
ISIC_0029468.jpg,nv
ISIC_0031148.jpg,nv
ROT_ISIC_0030935.jpg,bkl
SPECB_ISIC_0031041.jpg,bcc
SPEC_ISIC_0034113.jpg,bkl
SPEC_ISIC_0033855.jpg,bkl
SPECB_ISIC_0030552.jpg,mel
ISIC_0032900.jpg,nv
ISIC_0027331.jpg,nv
ISIC_0029371.jpg,akiec
ROT_ISIC_0029747.jpg,bcc
ISIC_0026226.jpg,bcc
ISIC_0025467.jpg,bcc
ISIC_0027617.jpg,nv
SPECB_ISIC_0030080.jpg,mel
ROT_ISIC_0029967.jpg,df
ISIC_0027039.jpg,nv
ROT_ISIC_0033152.jpg,mel
ISIC_0026585.jpg,nv
ISIC_0027972.jpg,nv
ROT_ISIC_0030722.jpg,vasc
ROT_ISIC_0032017.jpg,mel
ISIC_0029042.jpg,nv
ISIC_0029135.jpg,bkl
SPECB_ISIC_0027529.jpg,akiec
ISIC_0031550.jpg,mel
ROT_ISIC_0029962.jpg,df
ISIC_0026108.jpg,nv
ROT_ISIC_0032941.jpg,df
ISIC_0025766.jpg,mel
SPECB_ISIC_0026940.jpg,bcc
SPEC_ISIC_0026248.jpg,bkl
ISIC_0032188.jpg,nv
ISIC_0029294.jpg,nv
ISIC_0032865.jpg,nv
SPECB_ISIC_0026656.jpg,bcc
ISIC_0029224.jpg,nv
ISIC_0027830.jpg,nv
ISIC_0033685.jpg,bkl
ROT_ISIC_0026247.jpg,bkl
ROT_ISIC_0033429.jpg,mel
SPECB_ISIC_0030272.jpg,bkl
SPECB_ISIC_0025718.jpg,bcc
ISIC_0024800.jpg,akiec
ISIC_0029896.jpg,nv
ROT_ISIC_0025791.jpg,mel
SPEC_ISIC_0025467.jpg,bcc
ISIC_0031011.jpg,nv
ISIC_0025960.jpg,akiec
ISIC_0030213.jpg,nv
ISIC_0032573.jpg,nv
ISIC_0027260.jpg,mel
ISIC_0029866.jpg,nv
ISIC_0026789.jpg,df
ISIC_0031701.jpg,nv
ISIC_0024464.jpg,nv
SPEC_ISIC_0028347.jpg,bkl
SPEC_ISIC_0033494.jpg,akiec
ISIC_0025382.jpg,nv
ISIC_0028678.jpg,nv
SPECB_ISIC_0029213.jpg,bkl
ISIC_0029354.jpg,nv
SPECB_ISIC_0031197.jpg,vasc
ROT_ISIC_0025330.jpg,bkl
ROT_ISIC_0031017.jpg,bkl
ROT_ISIC_0032722.jpg,mel
SPEC_ISIC_0030565.jpg,bkl
ISIC_0028612.jpg,nv
ROT_ISIC_0026352.jpg,mel
ROT_ISIC_0033480.jpg,bkl
ISIC_0026607.jpg,bkl
ISIC_0030141.jpg,nv
ISIC_0025486.jpg,nv
ROT_ISIC_0033092.jpg,vasc
ISIC_0032385.jpg,bkl
SPEC_ISIC_0032777.jpg,bcc
SPECB_ISIC_0032922.jpg,mel
ISIC_0033710.jpg,mel
ROT_ISIC_0027117.jpg,vasc
ISIC_0026753.jpg,nv
SPEC_ISIC_0027388.jpg,akiec
ROT_ISIC_0034173.jpg,mel
ROT_ISIC_0030549.jpg,bcc
ISIC_0025444.jpg,nv
SPEC_ISIC_0026171.jpg,akiec
ISIC_0024415.jpg,nv
SPECB_ISIC_0032308.jpg,mel
SPECB_ISIC_0032778.jpg,bkl
ISIC_0024928.jpg,nv
SPECB_ISIC_0025524.jpg,mel
ISIC_0026112.jpg,nv
ISIC_0025242.jpg,nv
ISIC_0024998.jpg,nv
SPEC_ISIC_0029288.jpg,bkl
ISIC_0034266.jpg,nv
SPEC_ISIC_0030245.jpg,akiec
ISIC_0029769.jpg,nv
ROT_ISIC_0031783.jpg,bkl
SPEC_ISIC_0032741.jpg,bcc
ISIC_0030412.jpg,nv
SPEC_ISIC_0031062.jpg,bcc
ISIC_0028752.jpg,nv
ISIC_0028321.jpg,nv
ISIC_0030585.jpg,nv
SPEC_ISIC_0030986.jpg,akiec
SPEC_ISIC_0030698.jpg,bkl
ISIC_0028405.jpg,nv
ROT_ISIC_0025879.jpg,bkl
ISIC_0033598.jpg,mel
ISIC_0028813.jpg,nv
ISIC_0025811.jpg,akiec
ROT_ISIC_0029582.jpg,akiec
ISIC_0030780.jpg,nv
ISIC_0033271.jpg,bcc
SPEC_ISIC_0024431.jpg,bcc
SPEC_ISIC_0030323.jpg,bkl
ISIC_0027025.jpg,bkl
ISIC_0026868.jpg,akiec
SPECB_ISIC_0033488.jpg,bkl
ROT_ISIC_0034028.jpg,mel
ISIC_0030699.jpg,nv
ROT_ISIC_0033619.jpg,mel
SPECB_ISIC_0031584.jpg,bkl
ISIC_0028920.jpg,bkl
ISIC_0027784.jpg,nv
SPECB_ISIC_0025611.jpg,mel
ISIC_0034109.jpg,nv
ISIC_0031395.jpg,mel
ISIC_0030135.jpg,nv
ISIC_0025616.jpg,mel
ISIC_0026297.jpg,mel
SPEC_ISIC_0031309.jpg,df
ISIC_0029101.jpg,bkl
ROT_ISIC_0034126.jpg,bkl
SPECB_ISIC_0029352.jpg,bcc
ISIC_0029584.jpg,nv
SPECB_ISIC_0029705.jpg,mel
ISIC_0029658.jpg,nv
ISIC_0028569.jpg,nv
ISIC_0024324.jpg,bkl
SPEC_ISIC_0026958.jpg,bkl
ISIC_0030821.jpg,akiec
SPECB_ISIC_0033320.jpg,mel
ISIC_0033728.jpg,mel
SPECB_ISIC_0027719.jpg,akiec
ISIC_0033688.jpg,nv
ROT_ISIC_0031108.jpg,akiec
SPECB_ISIC_0027745.jpg,df
ISIC_0029833.jpg,nv
SPEC_ISIC_0031692.jpg,akiec
ISIC_0031261.jpg,bkl
SPECB_ISIC_0027982.jpg,bkl
ROT_ISIC_0026892.jpg,mel
ROT_ISIC_0033180.jpg,mel
ISIC_0031243.jpg,vasc
ISIC_0025942.jpg,mel
ISIC_0028837.jpg,nv
SPECB_ISIC_0029034.jpg,bcc
ISIC_0027513.jpg,bkl
ISIC_0028665.jpg,bkl
ISIC_0027072.jpg,nv
ISIC_0026287.jpg,nv
SPEC_ISIC_0027991.jpg,bkl
ISIC_0028570.jpg,bcc
ISIC_0024707.jpg,akiec
ROT_ISIC_0028106.jpg,bcc
ISIC_0027707.jpg,nv
ROT_ISIC_0033317.jpg,mel
SPECB_ISIC_0030452.jpg,bcc
ISIC_0032971.jpg,nv
ROT_ISIC_0024554.jpg,mel
ISIC_0029852.jpg,nv
SPECB_ISIC_0031037.jpg,bkl
ROT_ISIC_0030283.jpg,vasc
SPEC_ISIC_0030528.jpg,bcc
ISIC_0025874.jpg,mel
ISIC_0033731.jpg,nv
SPEC_ISIC_0025937.jpg,bkl
ISIC_0031940.jpg,akiec
ISIC_0028764.jpg,mel
ROT_ISIC_0025603.jpg,mel
ISIC_0031433.jpg,nv
ROT_ISIC_0031943.jpg,bcc
ISIC_0028343.jpg,bkl
ISIC_0031658.jpg,nv
ISIC_0031305.jpg,nv
SPECB_ISIC_0027966.jpg,bcc
ROT_ISIC_0031023.jpg,mel
ISIC_0028883.jpg,nv
ISIC_0030824.jpg,mel
ISIC_0029818.jpg,nv
SPECB_ISIC_0032927.jpg,mel
ISIC_0031785.jpg,nv
ISIC_0027569.jpg,nv
ISIC_0031570.jpg,akiec
ISIC_0029598.jpg,akiec
ROT_ISIC_0029778.jpg,bkl
ISIC_0029601.jpg,nv
SPEC_ISIC_0026456.jpg,vasc
ISIC_0030674.jpg,bkl
ROT_ISIC_0028059.jpg,bcc
SPECB_ISIC_0028969.jpg,mel
ISIC_0030444.jpg,nv
ROT_ISIC_0026205.jpg,bkl
ISIC_0029569.jpg,nv
SPECB_ISIC_0024562.jpg,akiec
SPECB_ISIC_0027517.jpg,mel
ROT_ISIC_0034132.jpg,mel
ISIC_0029264.jpg,nv
ISIC_0026147.jpg,nv
ROT_ISIC_0033226.jpg,mel
ISIC_0031123.jpg,df
ISIC_0032598.jpg,mel
ISIC_0027713.jpg,bkl
ISIC_0031983.jpg,nv
ROT_ISIC_0033560.jpg,mel
SPECB_ISIC_0032890.jpg,vasc
ISIC_0032507.jpg,nv
SPEC_ISIC_0027771.jpg,mel
ROT_ISIC_0033660.jpg,bkl
SPECB_ISIC_0031350.jpg,mel
ISIC_0026195.jpg,nv
ISIC_0028378.jpg,mel
ROT_ISIC_0034103.jpg,bkl
ROT_ISIC_0026068.jpg,vasc
SPEC_ISIC_0031620.jpg,bkl
ISIC_0028572.jpg,nv
ROT_ISIC_0028123.jpg,bkl
ROT_ISIC_0033931.jpg,mel
SPECB_ISIC_0028670.jpg,bcc
SPECB_ISIC_0031651.jpg,bcc
SPEC_ISIC_0031691.jpg,bkl
ISIC_0026679.jpg,bkl
ROT_ISIC_0029632.jpg,mel
ISIC_0026547.jpg,nv
SPEC_ISIC_0026417.jpg,df
ISIC_0024680.jpg,mel
ISIC_0029984.jpg,nv
ISIC_0030117.jpg,nv
ISIC_0024955.jpg,nv
SPECB_ISIC_0032468.jpg,df
ROT_ISIC_0027506.jpg,akiec
ISIC_0029246.jpg,nv
ISIC_0024361.jpg,nv
ROT_ISIC_0032098.jpg,nv
SPECB_ISIC_0031630.jpg,bkl
ISIC_0028419.jpg,bcc
ISIC_0027532.jpg,nv
ISIC_0033501.jpg,nv
ROT_ISIC_0026693.jpg,vasc
SPEC_ISIC_0024436.jpg,bcc
ROT_ISIC_0033780.jpg,df
ISIC_0027477.jpg,nv
ISIC_0025611.jpg,mel
ISIC_0029410.jpg,nv
ISIC_0024632.jpg,bcc
ROT_ISIC_0031918.jpg,akiec
SPEC_ISIC_0025630.jpg,bcc
ISIC_0033801.jpg,mel
ISIC_0030317.jpg,nv
SPECB_ISIC_0024572.jpg,bcc
ROT_ISIC_0031464.jpg,bkl
ISIC_0026733.jpg,nv
ISIC_0028290.jpg,nv
ISIC_0030763.jpg,nv
SPEC_ISIC_0033000.jpg,akiec
SPECB_ISIC_0029574.jpg,mel
SPECB_ISIC_0033199.jpg,bkl
ISIC_0034148.jpg,nv
SPECB_ISIC_0027989.jpg,bkl
SPECB_ISIC_0024537.jpg,mel
ISIC_0032335.jpg,bkl
ISIC_0033048.jpg,nv
SPECB_ISIC_0027797.jpg,mel
SPECB_ISIC_0025578.jpg,vasc
ROT_ISIC_0030824.jpg,mel
SPECB_ISIC_0033609.jpg,bcc
ISIC_0026020.jpg,nv
ISIC_0032734.jpg,nv
ISIC_0032252.jpg,nv
SPEC_ISIC_0026769.jpg,bcc
SPECB_ISIC_0026352.jpg,mel
SPECB_ISIC_0032070.jpg,mel
ISIC_0024537.jpg,mel
ISIC_0024460.jpg,nv
ISIC_0031498.jpg,mel
ISIC_0025831.jpg,akiec
ROT_ISIC_0027737.jpg,bkl
ISIC_0029337.jpg,bcc
ISIC_0027365.jpg,bcc
ISIC_0024766.jpg,nv
ISIC_0033074.jpg,mel
SPECB_ISIC_0029585.jpg,bkl
ISIC_0033007.jpg,mel
ROT_ISIC_0026229.jpg,mel
SPECB_ISIC_0030150.jpg,mel
ISIC_0026437.jpg,akiec
ROT_ISIC_0032417.jpg,bkl
SPEC_ISIC_0024973.jpg,df
SPECB_ISIC_0029177.jpg,df
SPECB_ISIC_0028388.jpg,bkl
ISIC_0029378.jpg,nv
SPECB_ISIC_0033884.jpg,bkl
ISIC_0024938.jpg,nv
ISIC_0030899.jpg,nv
SPECB_ISIC_0033913.jpg,bkl
ISIC_0030872.jpg,nv
ROT_ISIC_0027678.jpg,akiec
SPECB_ISIC_0034313.jpg,mel
ROT_ISIC_0025337.jpg,bkl
SPECB_ISIC_0026113.jpg,nv
SPEC_ISIC_0033784.jpg,bkl
ROT_ISIC_0032718.jpg,mel
ROT_ISIC_0025577.jpg,akiec
ISIC_0030349.jpg,bcc
SPECB_ISIC_0029166.jpg,bkl
ROT_ISIC_0033779.jpg,nv
ROT_ISIC_0024772.jpg,bkl
ISIC_0025204.jpg,nv
ISIC_0031556.jpg,bkl
ISIC_0034101.jpg,mel
ISIC_0031657.jpg,nv
ISIC_0033668.jpg,mel
ISIC_0027954.jpg,nv
ISIC_0025578.jpg,vasc
ROT_ISIC_0034243.jpg,mel
ISIC_0027496.jpg,nv
SPEC_ISIC_0030803.jpg,akiec
ISIC_0028978.jpg,bcc
ROT_ISIC_0026760.jpg,bcc
SPEC_ISIC_0031243.jpg,vasc
ISIC_0034320.jpg,nv
SPECB_ISIC_0028543.jpg,mel
ROT_ISIC_0030687.jpg,bcc
SPECB_ISIC_0027920.jpg,bcc
ISIC_0030590.jpg,nv
ROT_ISIC_0028773.jpg,mel
ROT_ISIC_0032888.jpg,mel
ROT_ISIC_0033284.jpg,bkl
ROT_ISIC_0027436.jpg,mel
ISIC_0028654.jpg,nv
SPEC_ISIC_0025509.jpg,bcc
ROT_ISIC_0030988.jpg,bcc
ISIC_0026694.jpg,mel
ISIC_0031990.jpg,nv
ROT_ISIC_0029548.jpg,bkl
ISIC_0028597.jpg,nv
SPECB_ISIC_0025826.jpg,nv
ISIC_0026124.jpg,mel
ISIC_0026515.jpg,nv
ISIC_0033873.jpg,nv
SPECB_ISIC_0033424.jpg,mel
ISIC_0032199.jpg,akiec
SPECB_ISIC_0029434.jpg,mel
ISIC_0034048.jpg,mel
ROT_ISIC_0033324.jpg,mel
ISIC_0032692.jpg,vasc
ISIC_0028239.jpg,nv
ISIC_0033179.jpg,nv
ROT_ISIC_0028565.jpg,mel
SPECB_ISIC_0025413.jpg,mel
ROT_ISIC_0031808.jpg,bkl
SPECB_ISIC_0032660.jpg,bcc
SPEC_ISIC_0026301.jpg,mel
SPECB_ISIC_0026916.jpg,mel
ROT_ISIC_0033612.jpg,mel
ROT_ISIC_0027190.jpg,mel
ISIC_0027431.jpg,nv
ISIC_0032226.jpg,nv
ISIC_0031296.jpg,nv
ISIC_0029560.jpg,nv
SPEC_ISIC_0032890.jpg,vasc
ISIC_0025827.jpg,nv
ROT_ISIC_0029991.jpg,bkl
ROT_ISIC_0031381.jpg,akiec
ISIC_0029977.jpg,nv
ISIC_0030476.jpg,nv
SPEC_ISIC_0025957.jpg,akiec
ROT_ISIC_0026192.jpg,bcc
ISIC_0029203.jpg,mel
ROT_ISIC_0030080.jpg,mel
SPEC_ISIC_0032365.jpg,bkl
ROT_ISIC_0029880.jpg,bkl
ROT_ISIC_0026634.jpg,bkl
SPECB_ISIC_0026650.jpg,akiec
ISIC_0030262.jpg,nv
SPECB_ISIC_0029840.jpg,akiec
SPECB_ISIC_0033807.jpg,mel
SPECB_ISIC_0029885.jpg,mel
ROT_ISIC_0029933.jpg,mel
SPECB_ISIC_0025781.jpg,bkl
ISIC_0033958.jpg,nv
ROT_ISIC_0025642.jpg,mel
SPECB_ISIC_0032476.jpg,mel
ISIC_0032474.jpg,nv
SPEC_ISIC_0030372.jpg,bcc
ROT_ISIC_0026574.jpg,bcc
ISIC_0029688.jpg,nv
ISIC_0032413.jpg,nv
ISIC_0026907.jpg,bkl
ISIC_0033698.jpg,nv
ROT_ISIC_0029514.jpg,vasc
ISIC_0026439.jpg,bcc
SPECB_ISIC_0030700.jpg,akiec
SPEC_ISIC_0031945.jpg,bkl
ISIC_0026662.jpg,nv
ISIC_0024638.jpg,nv
ROT_ISIC_0033171.jpg,mel
ISIC_0032703.jpg,nv
ISIC_0026059.jpg,nv
ISIC_0030905.jpg,nv
ROT_ISIC_0033856.jpg,mel
ISIC_0031882.jpg,nv
ISIC_0025192.jpg,nv
ROT_ISIC_0024898.jpg,mel
ISIC_0034052.jpg,mel
ISIC_0029645.jpg,nv
ISIC_0029309.jpg,akiec
ISIC_0024583.jpg,nv
ROT_ISIC_0029889.jpg,vasc
ISIC_0033278.jpg,mel
ISIC_0030505.jpg,nv
SPECB_ISIC_0028303.jpg,bcc
ISIC_0025821.jpg,nv
SPEC_ISIC_0029147.jpg,bkl
SPEC_ISIC_0024696.jpg,mel
ROT_ISIC_0032497.jpg,bcc
ISIC_0032347.jpg,nv
ISIC_0034113.jpg,bkl
ISIC_0027936.jpg,nv
SPECB_ISIC_0034026.jpg,bcc
SPECB_ISIC_0025234.jpg,mel
ISIC_0030259.jpg,nv
ISIC_0028963.jpg,nv
ISIC_0032083.jpg,nv
SPECB_ISIC_0028107.jpg,bcc
ISIC_0027220.jpg,nv
ROT_ISIC_0025564.jpg,bcc
SPEC_ISIC_0025339.jpg,bkl
ISIC_0025494.jpg,nv
SPECB_ISIC_0029279.jpg,akiec
ISIC_0029008.jpg,nv
ROT_ISIC_0033518.jpg,mel
ISIC_0029099.jpg,vasc
ISIC_0031935.jpg,nv
SPECB_ISIC_0033531.jpg,bkl
ISIC_0024909.jpg,bkl
ROT_ISIC_0027771.jpg,mel
SPEC_ISIC_0024590.jpg,bcc
SPEC_ISIC_0029067.jpg,akiec
ROT_ISIC_0025154.jpg,akiec
ISIC_0033821.jpg,nv
ISIC_0028194.jpg,nv
SPEC_ISIC_0028656.jpg,mel
SPECB_ISIC_0031479.jpg,mel
SPEC_ISIC_0030723.jpg,akiec
ROT_ISIC_0030794.jpg,akiec
ISIC_0032729.jpg,nv
ROT_ISIC_0030795.jpg,mel
ISIC_0033227.jpg,nv
SPECB_ISIC_0032532.jpg,mel
ISIC_0026107.jpg,bkl
ISIC_0026776.jpg,nv
ISIC_0029537.jpg,nv
ISIC_0031870.jpg,nv
ISIC_0033867.jpg,nv
SPEC_ISIC_0024943.jpg,bkl
ISIC_0033786.jpg,nv
SPEC_ISIC_0027608.jpg,bkl
SPEC_ISIC_0031175.jpg,bcc
SPEC_ISIC_0029301.jpg,bkl
SPEC_ISIC_0026650.jpg,akiec
ISIC_0030910.jpg,mel
SPEC_ISIC_0028972.jpg,bkl
SPEC_ISIC_0028913.jpg,bkl
SPEC_ISIC_0027231.jpg,bcc
ISIC_0032339.jpg,nv
ROT_ISIC_0033651.jpg,mel
ISIC_0028525.jpg,bkl
ROT_ISIC_0031470.jpg,bcc
SPECB_ISIC_0032556.jpg,bkl
ISIC_0033321.jpg,bkl
ROT_ISIC_0032330.jpg,bkl
ISIC_0030276.jpg,bkl
SPEC_ISIC_0032557.jpg,vasc
ROT_ISIC_0027025.jpg,bkl
ROT_ISIC_0027573.jpg,mel
SPECB_ISIC_0031519.jpg,bkl
ISIC_0029185.jpg,nv
ISIC_0030113.jpg,nv
SPECB_ISIC_0027903.jpg,vasc
ISIC_0033938.jpg,nv
ISIC_0026156.jpg,bcc
ISIC_0028345.jpg,nv
SPECB_ISIC_0024672.jpg,bkl
SPECB_ISIC_0024845.jpg,df
SPECB_ISIC_0027282.jpg,nv
SPEC_ISIC_0031443.jpg,df
ISIC_0033295.jpg,akiec
ROT_ISIC_0029206.jpg,bkl
ISIC_0028828.jpg,nv
ISIC_0031996.jpg,vasc
ROT_ISIC_0030408.jpg,akiec
ROT_ISIC_0026845.jpg,bcc
ROT_ISIC_0033195.jpg,bkl
ISIC_0026576.jpg,bkl
ROT_ISIC_0031712.jpg,nv
ROT_ISIC_0032204.jpg,mel
SPEC_ISIC_0029525.jpg,bkl
ISIC_0031280.jpg,nv
SPEC_ISIC_0030271.jpg,bcc
ISIC_0029351.jpg,nv
ISIC_0028207.jpg,nv
ROT_ISIC_0030114.jpg,bcc
ISIC_0028639.jpg,nv
ROT_ISIC_0030552.jpg,mel
SPECB_ISIC_0030706.jpg,akiec
ISIC_0026021.jpg,nv
SPEC_ISIC_0029213.jpg,bkl
ROT_ISIC_0026466.jpg,nv
ISIC_0026381.jpg,nv
ROT_ISIC_0027915.jpg,bcc
ROT_ISIC_0030390.jpg,mel
ISIC_0025750.jpg,nv
ISIC_0026852.jpg,mel
SPECB_ISIC_0033399.jpg,mel
ISIC_0032366.jpg,bkl
ISIC_0025077.jpg,nv
ISIC_0028636.jpg,nv
ISIC_0026758.jpg,nv
SPECB_ISIC_0030785.jpg,akiec
ISIC_0032671.jpg,mel
ISIC_0025882.jpg,nv
SPECB_ISIC_0028640.jpg,bkl
ISIC_0028540.jpg,nv
ISIC_0027412.jpg,nv
SPECB_ISIC_0031133.jpg,bkl
ISIC_0028026.jpg,mel
ROT_ISIC_0033969.jpg,vasc
ISIC_0026301.jpg,mel
ISIC_0029479.jpg,bkl
ISIC_0032148.jpg,nv
SPEC_ISIC_0028840.jpg,bkl
ISIC_0031772.jpg,nv
ISIC_0026596.jpg,nv
ISIC_0031803.jpg,nv
ISIC_0031170.jpg,bkl
ISIC_0033234.jpg,nv
ISIC_0027568.jpg,bcc
ISIC_0024452.jpg,bcc
ISIC_0029880.jpg,bkl
ISIC_0028366.jpg,nv
ISIC_0031560.jpg,mel
SPEC_ISIC_0030130.jpg,bkl
ISIC_0028352.jpg,mel
SPEC_ISIC_0027027.jpg,bkl
ISIC_0029868.jpg,nv
ISIC_0024767.jpg,mel
ROT_ISIC_0025275.jpg,bkl
ISIC_0025122.jpg,nv
ISIC_0032761.jpg,nv
ISIC_0030436.jpg,bkl
SPEC_ISIC_0028640.jpg,bkl
ISIC_0034268.jpg,mel
ISIC_0031221.jpg,nv
ROT_ISIC_0033945.jpg,bkl
ISIC_0031259.jpg,nv
ISIC_0025286.jpg,bkl
SPECB_ISIC_0026893.jpg,akiec
ROT_ISIC_0027279.jpg,bkl
SPEC_ISIC_0025623.jpg,bkl
SPEC_ISIC_0029805.jpg,bcc
SPECB_ISIC_0024940.jpg,mel
SPEC_ISIC_0024881.jpg,bkl
ISIC_0025638.jpg,nv
ROT_ISIC_0033198.jpg,mel
ISIC_0027678.jpg,akiec
ISIC_0029221.jpg,bkl
ISIC_0032743.jpg,nv
ISIC_0029001.jpg,bkl
ISIC_0028696.jpg,mel
ISIC_0030191.jpg,akiec
ROT_ISIC_0028994.jpg,bcc
ROT_ISIC_0029170.jpg,mel
SPECB_ISIC_0024981.jpg,mel
SPECB_ISIC_0029501.jpg,bcc
SPECB_ISIC_0033606.jpg,bkl
ROT_ISIC_0027277.jpg,mel
ROT_ISIC_0031261.jpg,bkl
ISIC_0032003.jpg,nv
ISIC_0030701.jpg,nv
SPECB_ISIC_0030501.jpg,mel
SPECB_ISIC_0032199.jpg,akiec
ISIC_0031596.jpg,mel
ISIC_0024967.jpg,mel
ISIC_0026559.jpg,nv
SPECB_ISIC_0027822.jpg,mel
ROT_ISIC_0034306.jpg,bcc
ISIC_0033634.jpg,nv
SPECB_ISIC_0032968.jpg,akiec
ROT_ISIC_0027527.jpg,bkl
SPEC_ISIC_0028294.jpg,bkl
ISIC_0034156.jpg,nv
ISIC_0028235.jpg,nv
SPECB_ISIC_0029053.jpg,bcc
ISIC_0034130.jpg,nv
SPEC_ISIC_0026388.jpg,akiec
SPECB_ISIC_0033778.jpg,bkl
ISIC_0026701.jpg,nv
ROT_ISIC_0026909.jpg,mel
ISIC_0029500.jpg,akiec
SPEC_ISIC_0032732.jpg,bkl
ISIC_0027629.jpg,bcc
ROT_ISIC_0033271.jpg,bcc
ISIC_0025939.jpg,bkl
ISIC_0028263.jpg,nv
ROT_ISIC_0032439.jpg,bcc
SPECB_ISIC_0024952.jpg,mel
ISIC_0027027.jpg,bkl
ISIC_0033066.jpg,nv
ISIC_0029182.jpg,bcc
SPECB_ISIC_0025616.jpg,mel
ISIC_0033136.jpg,nv
ROT_ISIC_0027550.jpg,akiec
ROT_ISIC_0033705.jpg,akiec
ISIC_0025205.jpg,nv
ISIC_0027970.jpg,nv
ROT_ISIC_0033785.jpg,bkl
ROT_ISIC_0028124.jpg,bkl
ROT_ISIC_0031009.jpg,bcc
ROT_ISIC_0025696.jpg,akiec
SPECB_ISIC_0026775.jpg,bkl
ISIC_0027538.jpg,mel
SPEC_ISIC_0034175.jpg,bkl
ISIC_0027016.jpg,nv
ISIC_0031504.jpg,nv
ISIC_0029416.jpg,nv
SPECB_ISIC_0034012.jpg,mel
ISIC_0027126.jpg,mel
ISIC_0033961.jpg,nv
SPEC_ISIC_0028659.jpg,akiec
ISIC_0024700.jpg,nv
ISIC_0030340.jpg,nv
SPECB_ISIC_0030659.jpg,bcc
ISIC_0028065.jpg,nv
SPEC_ISIC_0030123.jpg,bkl
SPECB_ISIC_0026466.jpg,nv
ROT_ISIC_0033483.jpg,bcc
ISIC_0032419.jpg,nv
SPECB_ISIC_0027187.jpg,mel
SPECB_ISIC_0033378.jpg,bkl
ISIC_0028704.jpg,nv
ISIC_0025517.jpg,nv
ROT_ISIC_0029524.jpg,bcc
ISIC_0032163.jpg,nv
SPECB_ISIC_0024994.jpg,df
SPEC_ISIC_0025178.jpg,akiec
ISIC_0025563.jpg,bcc
SPECB_ISIC_0032019.jpg,mel
SPECB_ISIC_0024459.jpg,mel
SPECB_ISIC_0028291.jpg,mel
ISIC_0024855.jpg,nv
ISIC_0029879.jpg,nv
ISIC_0034252.jpg,bkl
SPEC_ISIC_0026154.jpg,bcc
ROT_ISIC_0030324.jpg,mel
SPEC_ISIC_0029747.jpg,bcc
SPECB_ISIC_0033483.jpg,bcc
ISIC_0033599.jpg,mel
ROT_ISIC_0034050.jpg,mel
ISIC_0033338.jpg,nv
SPECB_ISIC_0026790.jpg,bkl
ISIC_0029983.jpg,nv
ISIC_0029381.jpg,nv
ISIC_0026643.jpg,bcc
ISIC_0033699.jpg,nv
SPEC_ISIC_0026496.jpg,bcc
SPEC_ISIC_0025063.jpg,bcc
SPECB_ISIC_0030583.jpg,bkl
SPECB_ISIC_0032768.jpg,bcc
SPECB_ISIC_0027151.jpg,bkl
ISIC_0029462.jpg,akiec
ISIC_0031441.jpg,nv
SPECB_ISIC_0027713.jpg,mel
ISIC_0029603.jpg,bkl
ISIC_0024640.jpg,mel
ISIC_0024692.jpg,nv
ISIC_0025223.jpg,df
ISIC_0034136.jpg,nv
ISIC_0033711.jpg,nv
ROT_ISIC_0028555.jpg,bkl
ISIC_0028987.jpg,mel
ISIC_0031153.jpg,nv
ISIC_0033765.jpg,nv
ISIC_0034233.jpg,mel
ISIC_0031881.jpg,nv
ROT_ISIC_0029020.jpg,bcc
ISIC_0031064.jpg,nv
ISIC_0030357.jpg,nv
ISIC_0028365.jpg,nv
SPEC_ISIC_0026661.jpg,bkl
SPEC_ISIC_0030158.jpg,akiec
ISIC_0026113.jpg,nv
ISIC_0024884.jpg,nv
ROT_ISIC_0026511.jpg,bkl
ISIC_0024426.jpg,bkl
ISIC_0030439.jpg,nv
ISIC_0029113.jpg,nv
ROT_ISIC_0025915.jpg,bkl
ISIC_0030820.jpg,nv
SPECB_ISIC_0033022.jpg,bkl
SPECB_ISIC_0025450.jpg,mel
SPEC_ISIC_0033410.jpg,bkl
ISIC_0026988.jpg,bcc
ISIC_0024468.jpg,akiec
ISIC_0025154.jpg,akiec
SPEC_ISIC_0031789.jpg,bcc
SPEC_ISIC_0030249.jpg,bcc
ISIC_0025711.jpg,bcc
ISIC_0025058.jpg,nv
ISIC_0033898.jpg,nv
ISIC_0030991.jpg,akiec
ISIC_0026457.jpg,akiec
ISIC_0025401.jpg,nv
ISIC_0027844.jpg,nv
ISIC_0026622.jpg,mel
ISIC_0034029.jpg,nv
ISIC_0025836.jpg,nv
ISIC_0030690.jpg,bcc
ROT_ISIC_0024997.jpg,bkl
ISIC_0027467.jpg,nv
SPEC_ISIC_0027584.jpg,bkl
ROT_ISIC_0032745.jpg,vasc
ISIC_0033909.jpg,nv
SPEC_ISIC_0027004.jpg,bcc
ISIC_0028537.jpg,nv
ROT_ISIC_0026995.jpg,bcc
ISIC_0032732.jpg,nv
ISIC_0028208.jpg,nv
ISIC_0025524.jpg,mel
ISIC_0029440.jpg,nv
SPEC_ISIC_0029035.jpg,bkl
ROT_ISIC_0030360.jpg,mel
ISIC_0030507.jpg,mel
SPECB_ISIC_0030192.jpg,mel
ROT_ISIC_0025856.jpg,bkl
SPECB_ISIC_0031812.jpg,mel
SPEC_ISIC_0031851.jpg,bkl
SPECB_ISIC_0028486.jpg,bcc
ISIC_0028949.jpg,nv
ROT_ISIC_0027425.jpg,bcc
SPEC_ISIC_0025873.jpg,vasc
ISIC_0031097.jpg,nv
SPECB_ISIC_0031436.jpg,bkl
ISIC_0028398.jpg,nv
ISIC_0030298.jpg,nv
ISIC_0033207.jpg,nv
SPEC_ISIC_0032409.jpg,vasc
ISIC_0033720.jpg,bcc
ISIC_0029216.jpg,mel
SPECB_ISIC_0032960.jpg,mel
SPECB_ISIC_0028655.jpg,mel
ROT_ISIC_0026481.jpg,bkl
ISIC_0026514.jpg,bkl
ISIC_0027436.jpg,nv
ROT_ISIC_0025417.jpg,bcc
ISIC_0029991.jpg,bkl
SPECB_ISIC_0033422.jpg,df
SPECB_ISIC_0028076.jpg,akiec
ROT_ISIC_0032913.jpg,mel
ISIC_0024554.jpg,mel
ISIC_0029521.jpg,nv
ISIC_0029268.jpg,akiec
ROT_ISIC_0030591.jpg,akiec
ISIC_0025446.jpg,nv
SPEC_ISIC_0029404.jpg,vasc
ISIC_0027661.jpg,nv
ISIC_0027440.jpg,nv
ISIC_0032250.jpg,nv
ISIC_0026996.jpg,mel
SPEC_ISIC_0032983.jpg,bkl
ISIC_0031902.jpg,nv
ISIC_0024461.jpg,bcc
ISIC_0033147.jpg,nv
SPECB_ISIC_0026275.jpg,bcc
ISIC_0031816.jpg,nv
ISIC_0029188.jpg,nv
SPECB_ISIC_0026845.jpg,bcc
SPEC_ISIC_0025392.jpg,bkl
ISIC_0033972.jpg,mel
SPECB_ISIC_0026266.jpg,mel
ROT_ISIC_0027722.jpg,bcc
SPEC_ISIC_0027677.jpg,bcc
ISIC_0028942.jpg,nv
SPEC_ISIC_0029358.jpg,mel
ROT_ISIC_0027044.jpg,df
ISIC_0025969.jpg,nv
ISIC_0028870.jpg,nv
ISIC_0030752.jpg,nv
SPEC_ISIC_0034115.jpg,bkl
ROT_ISIC_0033999.jpg,mel
ROT_ISIC_0032304.jpg,bkl
SPECB_ISIC_0029083.jpg,bcc
ROT_ISIC_0031931.jpg,mel
SPECB_ISIC_0031009.jpg,bcc
SPEC_ISIC_0026422.jpg,bkl
SPECB_ISIC_0026319.jpg,akiec
ROT_ISIC_0031208.jpg,mel
SPEC_ISIC_0028063.jpg,akiec
ISIC_0027276.jpg,nv
SPEC_ISIC_0027529.jpg,akiec
ROT_ISIC_0026273.jpg,bkl
ISIC_0024435.jpg,bkl
ISIC_0025890.jpg,nv
ISIC_0027576.jpg,nv
SPECB_ISIC_0031929.jpg,bkl
ISIC_0030063.jpg,nv
ROT_ISIC_0027367.jpg,bkl
ISIC_0028646.jpg,bkl
ISIC_0025253.jpg,nv
ISIC_0029609.jpg,nv
ROT_ISIC_0024647.jpg,bkl
ISIC_0026537.jpg,nv
SPEC_ISIC_0032642.jpg,df
ISIC_0028486.jpg,bcc
ISIC_0030891.jpg,nv
ISIC_0030550.jpg,nv
ROT_ISIC_0024517.jpg,akiec
ISIC_0029642.jpg,mel
ISIC_0033790.jpg,df
SPECB_ISIC_0032330.jpg,bkl
SPECB_ISIC_0031808.jpg,bkl
SPEC_ISIC_0028188.jpg,vasc
ISIC_0025522.jpg,nv
SPECB_ISIC_0024679.jpg,mel
SPEC_ISIC_0028085.jpg,bcc
SPECB_ISIC_0029460.jpg,akiec
SPECB_ISIC_0029760.jpg,df
ISIC_0030742.jpg,mel
SPEC_ISIC_0028646.jpg,mel
SPEC_ISIC_0031874.jpg,akiec
ISIC_0028095.jpg,bcc
SPECB_ISIC_0031542.jpg,bkl
ISIC_0027254.jpg,akiec
SPECB_ISIC_0033171.jpg,mel
ISIC_0027772.jpg,nv
ROT_ISIC_0027649.jpg,mel
ROT_ISIC_0033218.jpg,bcc
SPECB_ISIC_0029418.jpg,bkl
ROT_ISIC_0032389.jpg,mel
ISIC_0030370.jpg,nv
ISIC_0026890.jpg,nv
ISIC_0032063.jpg,bkl
ROT_ISIC_0029973.jpg,df
ISIC_0025037.jpg,nv
ISIC_0033053.jpg,nv
ISIC_0033922.jpg,nv
ISIC_0030459.jpg,bkl
SPECB_ISIC_0027488.jpg,df
ISIC_0033843.jpg,mel
ISIC_0027052.jpg,nv
ISIC_0024920.jpg,nv
ROT_ISIC_0026604.jpg,akiec
ISIC_0033114.jpg,mel
SPECB_ISIC_0025577.jpg,akiec
ISIC_0034160.jpg,bcc
ROT_ISIC_0026044.jpg,bkl
SPEC_ISIC_0028774.jpg,bkl
ISIC_0025190.jpg,nv
SPEC_ISIC_0030396.jpg,bkl
ISIC_0032721.jpg,nv
ROT_ISIC_0027387.jpg,mel
ISIC_0030851.jpg,nv
ROT_ISIC_0032806.jpg,mel
SPEC_ISIC_0033270.jpg,bkl
ROT_ISIC_0033248.jpg,bcc
SPEC_ISIC_0027601.jpg,bcc
ROT_ISIC_0026468.jpg,akiec
SPEC_ISIC_0031016.jpg,bkl
SPEC_ISIC_0028747.jpg,bcc
SPEC_ISIC_0031196.jpg,bkl
ISIC_0029610.jpg,akiec
ISIC_0027786.jpg,bcc
ISIC_0031746.jpg,mel
ISIC_0026446.jpg,nv
SPECB_ISIC_0028350.jpg,bcc
ISIC_0027745.jpg,df
ROT_ISIC_0032906.jpg,bcc
ROT_ISIC_0027184.jpg,akiec
ISIC_0029796.jpg,nv
ROT_ISIC_0034101.jpg,mel
ISIC_0027698.jpg,nv
ISIC_0027171.jpg,mel
ISIC_0027592.jpg,nv
ISIC_0026721.jpg,nv
ISIC_0033516.jpg,nv
ISIC_0031036.jpg,nv
SPECB_ISIC_0030910.jpg,mel
ISIC_0029457.jpg,nv
ISIC_0031809.jpg,nv
ISIC_0033173.jpg,nv
ROT_ISIC_0026092.jpg,vasc
ISIC_0030540.jpg,nv
SPEC_ISIC_0028200.jpg,bkl
ISIC_0032927.jpg,mel
ISIC_0030743.jpg,nv
ISIC_0033276.jpg,nv
ROT_ISIC_0026842.jpg,bkl
ISIC_0027278.jpg,nv
ISIC_0033335.jpg,nv
ROT_ISIC_0031287.jpg,bkl
ISIC_0027689.jpg,nv
ISIC_0030620.jpg,nv
SPEC_ISIC_0029731.jpg,bkl
ISIC_0024930.jpg,mel
SPECB_ISIC_0026644.jpg,bkl
ISIC_0028201.jpg,bkl
ISIC_0027377.jpg,nv
ISIC_0024653.jpg,nv
SPECB_ISIC_0028773.jpg,mel
SPECB_ISIC_0032182.jpg,mel
SPECB_ISIC_0027744.jpg,bcc
ISIC_0029449.jpg,nv
ISIC_0030097.jpg,nv
ISIC_0029626.jpg,nv
ISIC_0026577.jpg,bkl
ROT_ISIC_0027146.jpg,bcc
SPEC_ISIC_0026737.jpg,bkl
ROT_ISIC_0029060.jpg,bkl
ISIC_0025063.jpg,bcc
SPECB_ISIC_0027506.jpg,akiec
SPECB_ISIC_0028113.jpg,bcc
SPEC_ISIC_0027478.jpg,bcc
SPECB_ISIC_0029020.jpg,bcc
ISIC_0026757.jpg,nv
SPECB_ISIC_0027117.jpg,vasc
SPECB_ISIC_0024832.jpg,bkl
ISIC_0029507.jpg,nv
ISIC_0030359.jpg,nv
ISIC_0030033.jpg,mel
ISIC_0026885.jpg,mel
ISIC_0024550.jpg,bcc
ISIC_0032867.jpg,vasc
SPEC_ISIC_0024925.jpg,akiec
SPEC_ISIC_0024461.jpg,bcc
SPECB_ISIC_0033533.jpg,mel
SPECB_ISIC_0030242.jpg,akiec
ISIC_0029384.jpg,bkl
ISIC_0031277.jpg,bkl
SPECB_ISIC_0033500.jpg,mel
ISIC_0026087.jpg,nv
SPEC_ISIC_0025567.jpg,bkl
ISIC_0026917.jpg,nv
ROT_ISIC_0025807.jpg,vasc
ISIC_0026764.jpg,mel
ISIC_0030253.jpg,nv
ISIC_0033389.jpg,nv
ISIC_0027086.jpg,mel
ISIC_0026602.jpg,nv
SPECB_ISIC_0031709.jpg,mel
ISIC_0031351.jpg,bcc
ISIC_0025800.jpg,akiec
ISIC_0028886.jpg,nv
SPECB_ISIC_0024432.jpg,bcc
ISIC_0027001.jpg,nv
SPECB_ISIC_0026327.jpg,akiec
ISIC_0025749.jpg,nv
ISIC_0027493.jpg,nv
ISIC_0025850.jpg,nv
ISIC_0033301.jpg,bcc
ROT_ISIC_0031321.jpg,bkl
ISIC_0026765.jpg,bcc
ISIC_0032245.jpg,nv
ISIC_0032780.jpg,nv
ISIC_0025941.jpg,mel
ISIC_0027901.jpg,nv
SPECB_ISIC_0031570.jpg,akiec
ISIC_0028851.jpg,nv
SPEC_ISIC_0030081.jpg,bcc
ISIC_0030015.jpg,df
ROT_ISIC_0029216.jpg,mel
ISIC_0031901.jpg,vasc
ISIC_0025841.jpg,nv
ISIC_0025961.jpg,nv
ISIC_0032534.jpg,bkl
ISIC_0031329.jpg,bkl
SPECB_ISIC_0028228.jpg,mel
ISIC_0026358.jpg,nv
ISIC_0034226.jpg,mel
SPECB_ISIC_0028898.jpg,mel
ISIC_0030599.jpg,nv
SPECB_ISIC_0032750.jpg,mel
SPECB_ISIC_0028611.jpg,bkl
ISIC_0033526.jpg,mel
ISIC_0028724.jpg,nv
ROT_ISIC_0028644.jpg,akiec
ISIC_0032321.jpg,nv
ISIC_0027104.jpg,nv
ISIC_0026543.jpg,nv
ROT_ISIC_0032672.jpg,mel
ISIC_0034229.jpg,nv
ISIC_0028510.jpg,nv
ISIC_0031191.jpg,mel
ISIC_0027002.jpg,nv
SPECB_ISIC_0031950.jpg,vasc
SPECB_ISIC_0033440.jpg,mel
ISIC_0034232.jpg,nv
ISIC_0034221.jpg,bkl
ISIC_0033080.jpg,nv
ROT_ISIC_0031852.jpg,bkl
SPEC_ISIC_0029051.jpg,akiec
ISIC_0028320.jpg,nv
SPEC_ISIC_0024885.jpg,bcc
ISIC_0032421.jpg,nv
SPEC_ISIC_0032740.jpg,bkl
ISIC_0025345.jpg,bkl
SPEC_ISIC_0032315.jpg,nv
ROT_ISIC_0030010.jpg,bcc
SPEC_ISIC_0034299.jpg,bcc
ISIC_0031615.jpg,nv
ISIC_0028834.jpg,nv
SPEC_ISIC_0029443.jpg,bkl
SPECB_ISIC_0033146.jpg,bcc
ISIC_0032827.jpg,bkl
ISIC_0025159.jpg,nv
ISIC_0033555.jpg,nv
ISIC_0033105.jpg,nv
ISIC_0031998.jpg,nv
SPECB_ISIC_0026188.jpg,mel
SPEC_ISIC_0027856.jpg,vasc
SPECB_ISIC_0027144.jpg,mel
SPEC_ISIC_0026194.jpg,akiec
ROT_ISIC_0032111.jpg,bkl
SPECB_ISIC_0025627.jpg,df
ISIC_0028798.jpg,nv
SPECB_ISIC_0026205.jpg,bkl
ISIC_0033608.jpg,vasc
ISIC_0033757.jpg,nv
SPECB_ISIC_0027270.jpg,bkl
ROT_ISIC_0028728.jpg,bcc
SPECB_ISIC_0033024.jpg,mel
ISIC_0033016.jpg,nv
ISIC_0027600.jpg,nv
SPEC_ISIC_0030721.jpg,nv
ISIC_0024322.jpg,nv
ISIC_0033824.jpg,nv
SPECB_ISIC_0033466.jpg,bkl
ISIC_0027573.jpg,mel
ISIC_0033882.jpg,nv
ISIC_0033640.jpg,nv
ROT_ISIC_0025302.jpg,df
SPEC_ISIC_0027916.jpg,bkl
ISIC_0031115.jpg,mel
SPECB_ISIC_0032200.jpg,bkl
SPECB_ISIC_0027204.jpg,mel
SPECB_ISIC_0029474.jpg,bkl
ISIC_0024984.jpg,bcc
ISIC_0026068.jpg,vasc
SPEC_ISIC_0025777.jpg,bkl
ISIC_0030271.jpg,bcc
ISIC_0027120.jpg,bcc
SPEC_ISIC_0029897.jpg,bkl
SPEC_ISIC_0028329.jpg,bcc
ROT_ISIC_0031900.jpg,mel
ISIC_0030161.jpg,nv
SPECB_ISIC_0032867.jpg,vasc
ROT_ISIC_0033020.jpg,bcc
ISIC_0031239.jpg,mel
ISIC_0032253.jpg,bcc
ROT_ISIC_0027101.jpg,mel
ISIC_0030650.jpg,nv
ROT_ISIC_0028343.jpg,bkl
ISIC_0033950.jpg,nv
ISIC_0026997.jpg,nv
ROT_ISIC_0032687.jpg,mel
ROT_ISIC_0031002.jpg,df
ROT_ISIC_0031389.jpg,mel
ISIC_0031840.jpg,nv
ISIC_0026709.jpg,akiec
SPECB_ISIC_0028503.jpg,bkl
ISIC_0027184.jpg,akiec
ISIC_0029508.jpg,nv
ISIC_0034304.jpg,nv
ISIC_0026252.jpg,nv
SPECB_ISIC_0028445.jpg,mel
SPEC_ISIC_0026857.jpg,akiec
SPECB_ISIC_0024726.jpg,bkl
ROT_ISIC_0030366.jpg,mel
SPECB_ISIC_0031040.jpg,akiec
ROT_ISIC_0027904.jpg,mel
ROT_ISIC_0033074.jpg,mel
ROT_ISIC_0026675.jpg,bkl
SPECB_ISIC_0029573.jpg,akiec
ROT_ISIC_0029513.jpg,bkl
ROT_ISIC_0026056.jpg,bcc
ISIC_0030541.jpg,nv
SPEC_ISIC_0028688.jpg,bkl
ISIC_0032963.jpg,bkl
ISIC_0028240.jpg,nv
ROT_ISIC_0031289.jpg,mel
ROT_ISIC_0025235.jpg,mel
SPECB_ISIC_0033780.jpg,df
ISIC_0026489.jpg,mel
SPECB_ISIC_0032816.jpg,bcc
ISIC_0028984.jpg,mel
SPEC_ISIC_0030705.jpg,bkl
ISIC_0024406.jpg,nv
ISIC_0030142.jpg,akiec
SPEC_ISIC_0026205.jpg,bkl
ISIC_0029557.jpg,bkl
ISIC_0028177.jpg,nv
ROT_ISIC_0027552.jpg,mel
SPECB_ISIC_0031686.jpg,bkl
ISIC_0027634.jpg,nv
ROT_ISIC_0030925.jpg,mel
ISIC_0030607.jpg,nv
ISIC_0024867.jpg,vasc
ROT_ISIC_0028651.jpg,df
ISIC_0025321.jpg,vasc
ROT_ISIC_0031276.jpg,vasc
ROT_ISIC_0029974.jpg,akiec
ISIC_0025722.jpg,nv
ISIC_0028934.jpg,nv
ISIC_0026568.jpg,nv
SPECB_ISIC_0025716.jpg,bkl
ISIC_0027473.jpg,bcc
ISIC_0029433.jpg,nv
ROT_ISIC_0028814.jpg,bcc
ISIC_0029145.jpg,nv
SPECB_ISIC_0025035.jpg,mel
ISIC_0025361.jpg,nv
SPECB_ISIC_0024481.jpg,mel
ISIC_0032034.jpg,bkl
ISIC_0031400.jpg,bcc
SPECB_ISIC_0028451.jpg,mel
ISIC_0034121.jpg,nv
SPECB_ISIC_0028122.jpg,bcc
ROT_ISIC_0024632.jpg,bcc
ISIC_0034106.jpg,mel
SPEC_ISIC_0025874.jpg,mel
SPEC_ISIC_0030241.jpg,bkl
SPEC_ISIC_0031223.jpg,bkl
ROT_ISIC_0029157.jpg,mel
SPECB_ISIC_0024662.jpg,vasc
ISIC_0025427.jpg,akiec
ROT_ISIC_0027826.jpg,bkl
ISIC_0030286.jpg,nv
ISIC_0031663.jpg,nv
ROT_ISIC_0032533.jpg,mel
ISIC_0025039.jpg,nv
SPECB_ISIC_0032245.jpg,nv
SPECB_ISIC_0034015.jpg,bcc
ISIC_0032016.jpg,nv
ROT_ISIC_0033908.jpg,bkl
ISIC_0028797.jpg,nv
ROT_ISIC_0030137.jpg,bkl
SPECB_ISIC_0033061.jpg,mel
SPECB_ISIC_0026867.jpg,bkl
ISIC_0027818.jpg,nv
SPEC_ISIC_0025244.jpg,vasc
ISIC_0033502.jpg,nv
SPEC_ISIC_0028346.jpg,df
ISIC_0029577.jpg,nv
ISIC_0025233.jpg,nv
ISIC_0032728.jpg,nv
ISIC_0028439.jpg,nv
ISIC_0024677.jpg,nv
SPECB_ISIC_0032777.jpg,bcc
ISIC_0031076.jpg,nv
ROT_ISIC_0027437.jpg,bkl
ISIC_0025050.jpg,nv
ISIC_0034059.jpg,mel
ISIC_0025879.jpg,bkl
ISIC_0028996.jpg,nv
ROT_ISIC_0025035.jpg,mel
ISIC_0027717.jpg,nv
ISIC_0026592.jpg,nv
SPECB_ISIC_0026092.jpg,vasc
ISIC_0031276.jpg,vasc
SPEC_ISIC_0024411.jpg,bcc
SPECB_ISIC_0028582.jpg,mel
ISIC_0032460.jpg,bkl
ISIC_0025551.jpg,nv
ROT_ISIC_0032314.jpg,bcc
SPECB_ISIC_0029108.jpg,bkl
ISIC_0032659.jpg,nv
SPEC_ISIC_0029041.jpg,akiec
ISIC_0025597.jpg,mel
ISIC_0030252.jpg,nv
ROT_ISIC_0032545.jpg,vasc
ROT_ISIC_0029527.jpg,bkl
SPECB_ISIC_0030423.jpg,mel
SPECB_ISIC_0032845.jpg,mel
ISIC_0025691.jpg,bcc
ISIC_0033284.jpg,bkl
ISIC_0029898.jpg,mel
SPECB_ISIC_0024647.jpg,bkl
ISIC_0024601.jpg,nv
ROT_ISIC_0026940.jpg,bcc
ISIC_0028202.jpg,nv
ISIC_0032376.jpg,nv
ISIC_0031960.jpg,nv
ROT_ISIC_0024929.jpg,mel
ISIC_0027684.jpg,nv
ISIC_0025078.jpg,nv
SPEC_ISIC_0032614.jpg,vasc
ROT_ISIC_0024740.jpg,bkl
ROT_ISIC_0025249.jpg,vasc
SPECB_ISIC_0030730.jpg,bcc
ROT_ISIC_0026984.jpg,akiec
ROT_ISIC_0024445.jpg,bkl
SPEC_ISIC_0026895.jpg,bkl
SPECB_ISIC_0033275.jpg,mel
ROT_ISIC_0031874.jpg,akiec
ROT_ISIC_0027652.jpg,bkl
ISIC_0032845.jpg,mel
SPECB_ISIC_0028978.jpg,bcc
ISIC_0032296.jpg,nv
ISIC_0030111.jpg,nv
ROT_ISIC_0029404.jpg,vasc
ISIC_0032146.jpg,bcc
ISIC_0028503.jpg,bkl
SPEC_ISIC_0026876.jpg,vasc
SPECB_ISIC_0028560.jpg,bkl
ISIC_0024619.jpg,nv
ISIC_0033318.jpg,nv
ISIC_0032246.jpg,bcc
ISIC_0024611.jpg,nv
SPECB_ISIC_0031593.jpg,bcc
ISIC_0031914.jpg,nv
ISIC_0032104.jpg,nv
ISIC_0030422.jpg,mel
SPEC_ISIC_0034306.jpg,bcc
ISIC_0034250.jpg,nv
ISIC_0031723.jpg,nv
ISIC_0031030.jpg,nv
ISIC_0028894.jpg,mel
ISIC_0034058.jpg,bcc
ROT_ISIC_0033158.jpg,vasc
ISIC_0025257.jpg,nv
SPECB_ISIC_0024925.jpg,akiec
SPEC_ISIC_0031558.jpg,bkl
ROT_ISIC_0031999.jpg,mel
SPEC_ISIC_0026912.jpg,bkl
SPECB_ISIC_0029206.jpg,mel
ISIC_0028367.jpg,nv
ISIC_0029104.jpg,nv
ISIC_0029240.jpg,nv
ISIC_0028573.jpg,mel
SPECB_ISIC_0024643.jpg,bkl
ISIC_0025875.jpg,nv
SPECB_ISIC_0025485.jpg,bkl
SPEC_ISIC_0029302.jpg,bkl
ISIC_0024328.jpg,mel
SPEC_ISIC_0032156.jpg,bkl
ISIC_0026312.jpg,nv
ISIC_0027946.jpg,nv
ISIC_0029910.jpg,nv
SPEC_ISIC_0024970.jpg,bkl
SPEC_ISIC_0024471.jpg,bkl
SPECB_ISIC_0032876.jpg,bkl
SPECB_ISIC_0028928.jpg,bcc
SPECB_ISIC_0030230.jpg,bcc
SPECB_ISIC_0032879.jpg,mel
ISIC_0032090.jpg,nv
ISIC_0029961.jpg,nv
SPECB_ISIC_0032978.jpg,bkl
ROT_ISIC_0031557.jpg,mel
ISIC_0028862.jpg,nv
SPEC_ISIC_0029060.jpg,bkl
ISIC_0025556.jpg,nv
ROT_ISIC_0028584.jpg,mel
ROT_ISIC_0033235.jpg,bkl
ISIC_0031250.jpg,nv
ISIC_0025808.jpg,akiec
ISIC_0031811.jpg,nv
SPECB_ISIC_0029040.jpg,bkl
ISIC_0026409.jpg,bkl
SPECB_ISIC_0032672.jpg,mel
ROT_ISIC_0032537.jpg,mel
ISIC_0030622.jpg,nv
ISIC_0029045.jpg,nv
ROT_ISIC_0032132.jpg,bcc
SPEC_ISIC_0026549.jpg,akiec
ROT_ISIC_0028479.jpg,bkl
ISIC_0027206.jpg,nv
ISIC_0028653.jpg,bcc
ISIC_0030362.jpg,nv
ISIC_0026080.jpg,bkl
ROT_ISIC_0025928.jpg,mel
ISIC_0025370.jpg,nv
SPEC_ISIC_0024662.jpg,vasc
ISIC_0025658.jpg,nv
ISIC_0032535.jpg,mel
ISIC_0029373.jpg,nv
ISIC_0025661.jpg,akiec
ROT_ISIC_0033820.jpg,mel
ROT_ISIC_0033450.jpg,vasc
ISIC_0025914.jpg,nv
ISIC_0032676.jpg,nv
SPEC_ISIC_0033979.jpg,bcc
ISIC_0029579.jpg,nv
ISIC_0024397.jpg,nv
ISIC_0028955.jpg,nv
ROT_ISIC_0034262.jpg,mel
ISIC_0034300.jpg,nv
SPEC_ISIC_0029603.jpg,bkl
ISIC_0034091.jpg,nv
SPECB_ISIC_0030138.jpg,bcc
SPECB_ISIC_0025743.jpg,bkl
ISIC_0030898.jpg,mel
ROT_ISIC_0030089.jpg,bcc
ISIC_0031995.jpg,nv
ISIC_0032712.jpg,nv
SPEC_ISIC_0033952.jpg,bkl
ISIC_0033803.jpg,bcc
SPECB_ISIC_0032776.jpg,bkl
ISIC_0027056.jpg,nv
ISIC_0028019.jpg,nv
SPEC_ISIC_0031633.jpg,bkl
ISIC_0033966.jpg,nv
ISIC_0033282.jpg,nv
SPECB_ISIC_0024475.jpg,vasc
ISIC_0033946.jpg,mel
ISIC_0027938.jpg,nv
SPEC_ISIC_0027969.jpg,bkl
ISIC_0026949.jpg,nv
ROT_ISIC_0032116.jpg,bkl
ISIC_0025024.jpg,nv
ISIC_0032047.jpg,nv
ISIC_0032574.jpg,bcc
ISIC_0025461.jpg,nv
SPEC_ISIC_0031577.jpg,nv
SPEC_ISIC_0031044.jpg,akiec
ROT_ISIC_0030372.jpg,bcc
SPECB_ISIC_0027063.jpg,mel
ISIC_0024507.jpg,nv
SPECB_ISIC_0031707.jpg,bkl
ISIC_0025207.jpg,nv
ISIC_0034098.jpg,nv
ISIC_0030750.jpg,nv
ISIC_0026855.jpg,bcc
ISIC_0025765.jpg,nv
ISIC_0030688.jpg,mel
ISIC_0031100.jpg,nv
ISIC_0033558.jpg,nv
ISIC_0030337.jpg,nv
ISIC_0028896.jpg,nv
ISIC_0030154.jpg,nv
ROT_ISIC_0028662.jpg,bkl
SPECB_ISIC_0025223.jpg,df
ISIC_0026060.jpg,bkl
ROT_ISIC_0031996.jpg,vasc
ISIC_0030258.jpg,bkl
ISIC_0026752.jpg,mel
SPECB_ISIC_0028065.jpg,nv
SPECB_ISIC_0025642.jpg,bkl
ISIC_0024407.jpg,nv
ROT_ISIC_0032897.jpg,akiec
ISIC_0030085.jpg,mel
SPECB_ISIC_0030549.jpg,bcc
ISIC_0032023.jpg,nv
ISIC_0033169.jpg,bkl
SPEC_ISIC_0024432.jpg,nv
SPECB_ISIC_0026796.jpg,mel
ISIC_0025433.jpg,bcc
ISIC_0024373.jpg,nv
ISIC_0028898.jpg,mel
SPECB_ISIC_0033261.jpg,mel
ISIC_0028426.jpg,nv
SPEC_ISIC_0027875.jpg,bkl
SPEC_ISIC_0029820.jpg,bcc
SPEC_ISIC_0025716.jpg,bkl
ISIC_0032969.jpg,nv
ISIC_0027804.jpg,nv
ISIC_0025864.jpg,nv
ROT_ISIC_0024900.jpg,mel
SPECB_ISIC_0030249.jpg,bcc
SPECB_ISIC_0030335.jpg,bcc
ISIC_0024349.jpg,nv
SPECB_ISIC_0027326.jpg,bkl
ISIC_0033302.jpg,mel
ISIC_0032792.jpg,nv
ROT_ISIC_0026545.jpg,mel
ISIC_0030933.jpg,bcc
SPECB_ISIC_0033429.jpg,mel
ISIC_0032095.jpg,mel
SPECB_ISIC_0026930.jpg,mel
ROT_ISIC_0033866.jpg,bkl
ISIC_0034209.jpg,nv
ISIC_0034054.jpg,nv
ISIC_0024910.jpg,bkl
ISIC_0027379.jpg,nv
ISIC_0033549.jpg,nv
ISIC_0032129.jpg,bkl
SPEC_ISIC_0032963.jpg,bkl
ISIC_0030307.jpg,nv
SPECB_ISIC_0032185.jpg,bcc
ISIC_0033187.jpg,mel
SPEC_ISIC_0029519.jpg,bkl
SPEC_ISIC_0032203.jpg,akiec
SPECB_ISIC_0033752.jpg,mel
ISIC_0028998.jpg,nv
ISIC_0032560.jpg,nv
SPECB_ISIC_0031672.jpg,akiec
ISIC_0032069.jpg,nv
SPECB_ISIC_0028467.jpg,mel
ISIC_0031108.jpg,akiec
ROT_ISIC_0031243.jpg,bcc
ISIC_0032008.jpg,bkl
ISIC_0028855.jpg,nv
ISIC_0029476.jpg,bcc
ISIC_0027679.jpg,nv
SPECB_ISIC_0028336.jpg,bkl
ISIC_0033569.jpg,mel
ISIC_0031228.jpg,akiec
ISIC_0026159.jpg,bkl
ISIC_0030314.jpg,bcc
ISIC_0033631.jpg,bkl
ROT_ISIC_0028714.jpg,vasc
ISIC_0028507.jpg,nv
SPECB_ISIC_0024987.jpg,mel
ISIC_0029348.jpg,bkl
SPEC_ISIC_0031591.jpg,bkl
ISIC_0030814.jpg,nv
ROT_ISIC_0029559.jpg,bkl
ROT_ISIC_0029220.jpg,bcc
ISIC_0032521.jpg,nv
ISIC_0033357.jpg,nv
SPECB_ISIC_0030988.jpg,bcc
SPECB_ISIC_0033856.jpg,mel
ROT_ISIC_0030731.jpg,bkl
SPEC_ISIC_0031783.jpg,bkl
ISIC_0028962.jpg,nv
SPECB_ISIC_0033428.jpg,mel
ISIC_0026560.jpg,nv
ISIC_0027923.jpg,nv
ROT_ISIC_0032810.jpg,mel
ISIC_0026778.jpg,nv
SPEC_ISIC_0031702.jpg,bkl
ISIC_0028753.jpg,nv
ISIC_0032709.jpg,mel
ROT_ISIC_0033812.jpg,mel
ISIC_0030196.jpg,nv
SPEC_ISIC_0027648.jpg,df
ISIC_0029160.jpg,nv
ISIC_0029523.jpg,nv
ROT_ISIC_0027487.jpg,mel
ISIC_0030081.jpg,bcc
ISIC_0026216.jpg,mel
ISIC_0033578.jpg,mel
ISIC_0031831.jpg,bkl
ISIC_0025598.jpg,bkl
SPEC_ISIC_0024318.jpg,df
ISIC_0024879.jpg,nv
SPECB_ISIC_0027706.jpg,bkl
ROT_ISIC_0029323.jpg,bcc
ISIC_0027421.jpg,nv
ISIC_0026617.jpg,nv
SPECB_ISIC_0033344.jpg,mel
ISIC_0025646.jpg,nv
ISIC_0033990.jpg,bkl
ISIC_0032917.jpg,mel
SPEC_ISIC_0029931.jpg,bkl
ISIC_0029583.jpg,nv
ISIC_0034067.jpg,nv
ROT_ISIC_0029698.jpg,mel
ISIC_0031544.jpg,nv
ROT_ISIC_0026280.jpg,bkl
ISIC_0030365.jpg,mel
ISIC_0031063.jpg,bcc
SPEC_ISIC_0030026.jpg,mel
ISIC_0028480.jpg,nv
ISIC_0032056.jpg,nv
ISIC_0028140.jpg,nv
SPECB_ISIC_0032511.jpg,mel
ISIC_0028237.jpg,mel
SPEC_ISIC_0029872.jpg,bkl
ROT_ISIC_0032081.jpg,mel
SPECB_ISIC_0025081.jpg,mel
SPEC_ISIC_0028978.jpg,bcc
ISIC_0032013.jpg,bkl
ISIC_0029816.jpg,nv
SPEC_ISIC_0031450.jpg,bcc
ISIC_0026238.jpg,nv
ISIC_0027530.jpg,nv
ROT_ISIC_0029448.jpg,vasc
ISIC_0027981.jpg,nv
ISIC_0031375.jpg,nv
SPECB_ISIC_0029316.jpg,mel
ISIC_0025826.jpg,bcc
ISIC_0031052.jpg,nv
ROT_ISIC_0033270.jpg,bkl
ISIC_0032839.jpg,vasc
SPEC_ISIC_0025596.jpg,vasc
ISIC_0028512.jpg,mel
ISIC_0032850.jpg,bcc
ISIC_0029882.jpg,nv
ISIC_0027732.jpg,nv
SPECB_ISIC_0031272.jpg,bcc
SPECB_ISIC_0028496.jpg,bkl
SPECB_ISIC_0031489.jpg,bcc
ROT_ISIC_0026343.jpg,bcc
SPEC_ISIC_0026872.jpg,akiec
SPECB_ISIC_0033691.jpg,nv
ISIC_0030243.jpg,nv
ROT_ISIC_0031400.jpg,bcc
SPEC_ISIC_0024595.jpg,bcc
ROT_ISIC_0024338.jpg,bkl
ISIC_0034311.jpg,mel
SPEC_ISIC_0028104.jpg,bkl
SPECB_ISIC_0033141.jpg,mel
ISIC_0031235.jpg,nv
ISIC_0033140.jpg,mel
ISIC_0032944.jpg,nv
ISIC_0026237.jpg,nv
ROT_ISIC_0026475.jpg,mel
ISIC_0026932.jpg,nv
ISIC_0027190.jpg,mel
ROT_ISIC_0027447.jpg,akiec
SPEC_ISIC_0033280.jpg,bkl
SPEC_ISIC_0030785.jpg,akiec
ROT_ISIC_0031836.jpg,bcc
ISIC_0025210.jpg,mel
SPEC_ISIC_0033305.jpg,bkl
ROT_ISIC_0029062.jpg,bkl
SPECB_ISIC_0033885.jpg,mel
ISIC_0024529.jpg,nv
SPECB_ISIC_0024652.jpg,mel
ROT_ISIC_0029391.jpg,bcc
SPECB_ISIC_0030130.jpg,bkl
ISIC_0029115.jpg,bkl
ISIC_0030576.jpg,nv
ISIC_0032446.jpg,nv
ROT_ISIC_0030760.jpg,mel
ISIC_0030979.jpg,mel
ISIC_0025606.jpg,vasc
SPECB_ISIC_0025941.jpg,nv
ROT_ISIC_0032476.jpg,mel
ROT_ISIC_0030382.jpg,mel
ISIC_0027544.jpg,bcc
SPECB_ISIC_0032756.jpg,bkl
ISIC_0033411.jpg,mel
ISIC_0025728.jpg,nv
ISIC_0029125.jpg,nv
ISIC_0026744.jpg,nv
ISIC_0028081.jpg,nv
ISIC_0031685.jpg,nv
ISIC_0033522.jpg,mel
ROT_ISIC_0029362.jpg,akiec
ROT_ISIC_0031103.jpg,vasc
ISIC_0024969.jpg,nv
ISIC_0031401.jpg,mel
ISIC_0029878.jpg,bkl
ISIC_0028535.jpg,nv
ISIC_0034015.jpg,bcc
ROT_ISIC_0032036.jpg,mel
ROT_ISIC_0028653.jpg,bcc
ISIC_0030697.jpg,nv
SPEC_ISIC_0031449.jpg,bkl
ROT_ISIC_0027700.jpg,akiec
SPECB_ISIC_0027615.jpg,akiec
ISIC_0025195.jpg,mel
SPEC_ISIC_0025519.jpg,bkl
ISIC_0032073.jpg,nv
ISIC_0031656.jpg,nv
ISIC_0024828.jpg,nv
SPECB_ISIC_0026438.jpg,mel
ISIC_0033519.jpg,mel
SPECB_ISIC_0033387.jpg,mel
ISIC_0031866.jpg,akiec
ISIC_0024547.jpg,bkl
SPECB_ISIC_0031529.jpg,mel
ISIC_0034248.jpg,nv
ISIC_0031722.jpg,nv
ISIC_0033203.jpg,bcc
SPECB_ISIC_0025038.jpg,bkl
SPECB_ISIC_0028370.jpg,akiec
ISIC_0031987.jpg,bkl
ROT_ISIC_0031967.jpg,bkl
ROT_ISIC_0028984.jpg,mel
SPECB_ISIC_0028121.jpg,bkl
ROT_ISIC_0025081.jpg,mel
ISIC_0033218.jpg,bcc
ISIC_0026355.jpg,nv
SPECB_ISIC_0025885.jpg,bkl
SPECB_ISIC_0027452.jpg,akiec
ROT_ISIC_0032826.jpg,bkl
SPEC_ISIC_0026014.jpg,akiec
SPECB_ISIC_0027663.jpg,mel
ISIC_0032584.jpg,nv
ISIC_0033170.jpg,nv
ISIC_0033388.jpg,nv
ISIC_0034210.jpg,nv
SPECB_ISIC_0031511.jpg,bkl
ISIC_0029056.jpg,mel
ISIC_0029615.jpg,mel
ROT_ISIC_0024586.jpg,nv
SPECB_ISIC_0027447.jpg,akiec
ISIC_0034119.jpg,bcc
ISIC_0031562.jpg,nv
ISIC_0025715.jpg,nv
ISIC_0027420.jpg,mel
SPECB_ISIC_0025312.jpg,bkl
ISIC_0031629.jpg,nv
ROT_ISIC_0027083.jpg,bkl
ISIC_0030343.jpg,mel
ISIC_0026896.jpg,nv
SPECB_ISIC_0032654.jpg,bkl
ISIC_0026571.jpg,mel
SPECB_ISIC_0025378.jpg,bkl
ISIC_0028745.jpg,nv
SPECB_ISIC_0032985.jpg,mel
ISIC_0028780.jpg,nv
ISIC_0024447.jpg,nv
ISIC_0032225.jpg,bcc
SPECB_ISIC_0027218.jpg,bkl
ROT_ISIC_0029856.jpg,bcc
ROT_ISIC_0033452.jpg,mel
SPECB_ISIC_0025751.jpg,nv
SPECB_ISIC_0033494.jpg,akiec
SPEC_ISIC_0031922.jpg,akiec
SPEC_ISIC_0027767.jpg,bcc
ISIC_0030234.jpg,nv
ROT_ISIC_0033212.jpg,bkl
ISIC_0033208.jpg,nv
SPECB_ISIC_0031271.jpg,df
ROT_ISIC_0030160.jpg,bkl
SPECB_ISIC_0028583.jpg,bcc
SPECB_ISIC_0034197.jpg,bkl
SPEC_ISIC_0032092.jpg,bcc
ISIC_0028775.jpg,nv
ISIC_0031356.jpg,nv
ROT_ISIC_0033275.jpg,mel
ROT_ISIC_0027488.jpg,df
SPECB_ISIC_0026923.jpg,akiec
SPEC_ISIC_0032991.jpg,bcc
ISIC_0026339.jpg,nv
SPECB_ISIC_0025927.jpg,mel
SPEC_ISIC_0028406.jpg,vasc
SPECB_ISIC_0029674.jpg,bkl
ROT_ISIC_0028652.jpg,bcc
ROT_ISIC_0033123.jpg,vasc
ISIC_0028771.jpg,nv
ISIC_0030433.jpg,nv
SPECB_ISIC_0033322.jpg,bkl
SPECB_ISIC_0033264.jpg,bkl
ROT_ISIC_0030759.jpg,bkl
ISIC_0028084.jpg,bcc
SPEC_ISIC_0030452.jpg,bcc
SPEC_ISIC_0033744.jpg,bkl
ISIC_0028233.jpg,bkl
ISIC_0033422.jpg,df
SPECB_ISIC_0024445.jpg,bkl
ISIC_0028447.jpg,bkl
ISIC_0027487.jpg,mel
SPEC_ISIC_0031929.jpg,akiec
ROT_ISIC_0028890.jpg,bcc
ROT_ISIC_0032808.jpg,bcc
ISIC_0028060.jpg,nv
ISIC_0031874.jpg,akiec
SPEC_ISIC_0025584.jpg,bcc
ROT_ISIC_0032135.jpg,akiec
ISIC_0025678.jpg,nv
ISIC_0026455.jpg,nv
ISIC_0031429.jpg,df
ROT_ISIC_0033808.jpg,df
ISIC_0029701.jpg,nv
SPECB_ISIC_0026694.jpg,mel
SPEC_ISIC_0028623.jpg,bkl
ROT_ISIC_0031901.jpg,bcc
SPECB_ISIC_0033747.jpg,bcc
SPECB_ISIC_0031358.jpg,df
ISIC_0029654.jpg,mel
ISIC_0031563.jpg,nv
ISIC_0027499.jpg,nv
ISIC_0027097.jpg,mel
ISIC_0032916.jpg,nv
ROT_ISIC_0032535.jpg,mel
SPEC_ISIC_0025731.jpg,bcc
ISIC_0030261.jpg,bcc
SPECB_ISIC_0024886.jpg,mel
ISIC_0033788.jpg,mel
ISIC_0033702.jpg,nv
SPEC_ISIC_0032655.jpg,bkl
ISIC_0024826.jpg,nv
ISIC_0032494.jpg,nv
ISIC_0033256.jpg,df
ISIC_0031862.jpg,nv
ROT_ISIC_0029271.jpg,bkl
ISIC_0031913.jpg,mel
ISIC_0033018.jpg,nv
ISIC_0026206.jpg,akiec
ISIC_0027359.jpg,mel
SPECB_ISIC_0026968.jpg,bcc
ISIC_0033800.jpg,nv
SPECB_ISIC_0029915.jpg,akiec
ISIC_0027168.jpg,nv
ISIC_0033977.jpg,mel
ISIC_0034144.jpg,nv
SPECB_ISIC_0027281.jpg,bcc
ISIC_0029218.jpg,nv
ROT_ISIC_0029683.jpg,bkl
ROT_ISIC_0024400.jpg,mel
ISIC_0025677.jpg,vasc
SPEC_ISIC_0026978.jpg,bcc
ROT_ISIC_0032662.jpg,nv
ROT_ISIC_0034134.jpg,mel
ISIC_0025263.jpg,nv
ISIC_0033463.jpg,mel
SPECB_ISIC_0025427.jpg,akiec
ISIC_0031366.jpg,nv
SPECB_ISIC_0032531.jpg,mel
ISIC_0025840.jpg,nv
ROT_ISIC_0032833.jpg,mel
SPEC_ISIC_0028719.jpg,bcc
ISIC_0025116.jpg,nv
SPECB_ISIC_0031825.jpg,bkl
ISIC_0027895.jpg,nv
ISIC_0024570.jpg,nv
ISIC_0027286.jpg,nv
ISIC_0028413.jpg,bcc
SPECB_ISIC_0034196.jpg,vasc
ROT_ISIC_0031711.jpg,mel
ISIC_0029917.jpg,bcc
ISIC_0027210.jpg,vasc
ROT_ISIC_0032850.jpg,bcc
ROT_ISIC_0027187.jpg,mel
ISIC_0031492.jpg,nv
SPECB_ISIC_0030366.jpg,mel
SPEC_ISIC_0025696.jpg,akiec
ISIC_0028511.jpg,bkl
ROT_ISIC_0029036.jpg,bkl
ISIC_0029779.jpg,bcc
SPECB_ISIC_0031263.jpg,bcc
ISIC_0028643.jpg,mel
ISIC_0031815.jpg,nv
ISIC_0026863.jpg,nv
ISIC_0032233.jpg,nv
SPECB_ISIC_0027856.jpg,bcc
ROT_ISIC_0028916.jpg,mel
ISIC_0028144.jpg,nv
SPECB_ISIC_0033000.jpg,akiec
ISIC_0028782.jpg,nv
SPECB_ISIC_0033505.jpg,bkl
ISIC_0032049.jpg,nv
SPEC_ISIC_0030459.jpg,bkl
SPECB_ISIC_0029698.jpg,mel
SPEC_ISIC_0027473.jpg,akiec
SPECB_ISIC_0033037.jpg,mel
SPEC_ISIC_0029268.jpg,akiec
ISIC_0031655.jpg,nv
SPECB_ISIC_0025265.jpg,nv
ISIC_0024958.jpg,mel
ISIC_0024690.jpg,nv
SPECB_ISIC_0030843.jpg,mel
ROT_ISIC_0027017.jpg,bkl
ISIC_0028288.jpg,mel
ISIC_0031439.jpg,nv
ISIC_0028991.jpg,nv
ISIC_0025369.jpg,nv
SPEC_ISIC_0028238.jpg,bcc
SPECB_ISIC_0025529.jpg,bkl
ISIC_0026526.jpg,bkl
ISIC_0034217.jpg,nv
ISIC_0028265.jpg,nv
ISIC_0027253.jpg,mel
ISIC_0034151.jpg,bkl
ISIC_0027267.jpg,nv
ROT_ISIC_0029227.jpg,bkl
SPECB_ISIC_0025975.jpg,bcc
ISIC_0033289.jpg,mel
ROT_ISIC_0025948.jpg,akiec
SPEC_ISIC_0034280.jpg,bkl
ISIC_0030118.jpg,bkl
SPEC_ISIC_0026525.jpg,akiec
ROT_ISIC_0026912.jpg,bkl
ISIC_0026160.jpg,nv
SPEC_ISIC_0033676.jpg,bkl
ROT_ISIC_0030877.jpg,akiec
ISIC_0026536.jpg,nv
ROT_ISIC_0030813.jpg,bcc
ISIC_0030615.jpg,bkl
SPEC_ISIC_0026981.jpg,akiec
ISIC_0027646.jpg,nv
ISIC_0033460.jpg,bkl
ISIC_0034218.jpg,mel
ISIC_0024577.jpg,nv
ROT_ISIC_0029232.jpg,bkl
ISIC_0031682.jpg,nv
ISIC_0031993.jpg,akiec
ROT_ISIC_0033209.jpg,mel
ISIC_0031745.jpg,nv
SPECB_ISIC_0029062.jpg,bkl
SPECB_ISIC_0030142.jpg,akiec
ISIC_0024907.jpg,nv
ISIC_0027849.jpg,mel
ISIC_0033941.jpg,nv
SPECB_ISIC_0032863.jpg,bkl
ROT_ISIC_0032463.jpg,bkl
ISIC_0032302.jpg,bcc
SPEC_ISIC_0033130.jpg,bkl
ISIC_0024701.jpg,nv
ISIC_0024671.jpg,nv
SPEC_ISIC_0026441.jpg,bkl
ISIC_0030093.jpg,nv
SPEC_ISIC_0028797.jpg,nv
ISIC_0026564.jpg,nv
SPECB_ISIC_0032823.jpg,mel
SPECB_ISIC_0033444.jpg,mel
ISIC_0032074.jpg,nv
SPECB_ISIC_0029043.jpg,akiec
SPEC_ISIC_0032103.jpg,bkl
ISIC_0031225.jpg,bcc
ISIC_0026616.jpg,nv
SPECB_ISIC_0032725.jpg,bkl
ROT_ISIC_0026766.jpg,bcc
ISIC_0031584.jpg,bkl
SPECB_ISIC_0032396.jpg,mel
SPECB_ISIC_0030690.jpg,bcc
SPEC_ISIC_0031651.jpg,bcc
SPECB_ISIC_0028386.jpg,bkl
ISIC_0033332.jpg,nv
ISIC_0025424.jpg,nv
SPEC_ISIC_0030145.jpg,bcc
ROT_ISIC_0026664.jpg,mel
ROT_ISIC_0028876.jpg,bkl
SPECB_ISIC_0032508.jpg,mel
ISIC_0028417.jpg,mel
SPECB_ISIC_0025113.jpg,akiec
ROT_ISIC_0033274.jpg,mel
ISIC_0024965.jpg,nv
SPEC_ISIC_0031215.jpg,vasc
SPECB_ISIC_0032302.jpg,bcc
ISIC_0033664.jpg,nv
ISIC_0030020.jpg,nv
ISIC_0026998.jpg,nv
ISIC_0025966.jpg,nv
ISIC_0026220.jpg,nv
SPECB_ISIC_0024771.jpg,akiec
SPEC_ISIC_0031640.jpg,bcc
SPECB_ISIC_0032614.jpg,vasc
ISIC_0026926.jpg,nv
SPECB_ISIC_0032757.jpg,bkl
ISIC_0029297.jpg,df
ISIC_0032616.jpg,nv
ISIC_0030098.jpg,nv
SPEC_ISIC_0027533.jpg,bkl
SPECB_ISIC_0029930.jpg,akiec
SPEC_ISIC_0025383.jpg,bcc
ISIC_0030583.jpg,bkl
ISIC_0032733.jpg,bkl
ISIC_0029786.jpg,nv
ISIC_0028565.jpg,mel
SPECB_ISIC_0031295.jpg,mel
ISIC_0030112.jpg,nv
ISIC_0028624.jpg,nv
ISIC_0026465.jpg,nv
ISIC_0025084.jpg,nv
ISIC_0026052.jpg,nv
ROT_ISIC_0033368.jpg,mel
ROT_ISIC_0026656.jpg,bcc
ISIC_0034001.jpg,mel
ROT_ISIC_0027480.jpg,mel
ISIC_0029570.jpg,mel
ISIC_0026589.jpg,nv
SPECB_ISIC_0030616.jpg,mel
ISIC_0030334.jpg,nv
SPECB_ISIC_0028556.jpg,bcc
SPECB_ISIC_0026203.jpg,akiec
ISIC_0026889.jpg,nv
SPECB_ISIC_0030047.jpg,mel
ISIC_0025272.jpg,nv
ISIC_0027591.jpg,nv
ISIC_0029442.jpg,nv
SPEC_ISIC_0026263.jpg,bkl
SPEC_ISIC_0030665.jpg,df
ISIC_0027869.jpg,nv
ISIC_0027038.jpg,bcc
ISIC_0032682.jpg,nv
ISIC_0032985.jpg,mel
ISIC_0030592.jpg,nv
ISIC_0030391.jpg,nv
SPECB_ISIC_0029315.jpg,akiec
ISIC_0033984.jpg,mel
ROT_ISIC_0026606.jpg,bkl
ISIC_0032802.jpg,nv
SPEC_ISIC_0024711.jpg,bkl
ISIC_0034247.jpg,nv
ISIC_0026882.jpg,nv
ROT_ISIC_0032959.jpg,bcc
ROT_ISIC_0031239.jpg,mel
ISIC_0025872.jpg,nv
ISIC_0032032.jpg,nv
ISIC_0031507.jpg,nv
ROT_ISIC_0025883.jpg,bkl
ISIC_0029801.jpg,bkl
ISIC_0030226.jpg,bkl
SPECB_ISIC_0026365.jpg,bkl
SPEC_ISIC_0026477.jpg,bkl
ISIC_0027322.jpg,nv
SPECB_ISIC_0028517.jpg,akiec
ROT_ISIC_0026968.jpg,bcc
ROT_ISIC_0027352.jpg,mel
ROT_ISIC_0028188.jpg,vasc
ISIC_0026342.jpg,nv
ISIC_0034114.jpg,nv
ISIC_0024878.jpg,nv
ISIC_0028980.jpg,bcc
SPEC_ISIC_0028106.jpg,bcc
SPECB_ISIC_0027093.jpg,bcc
ISIC_0025137.jpg,nv
ISIC_0032061.jpg,bcc
ISIC_0029126.jpg,bcc
SPECB_ISIC_0024471.jpg,bkl
SPECB_ISIC_0033595.jpg,mel
ISIC_0028287.jpg,nv
ROT_ISIC_0024461.jpg,bcc
ISIC_0025188.jpg,mel
SPECB_ISIC_0028937.jpg,bcc
SPECB_ISIC_0024707.jpg,akiec
SPEC_ISIC_0024403.jpg,bcc
ISIC_0031605.jpg,nv
ISIC_0026908.jpg,nv
ISIC_0033297.jpg,mel
ISIC_0025724.jpg,mel
ISIC_0033686.jpg,nv
ROT_ISIC_0031211.jpg,akiec
ISIC_0025353.jpg,nv
ROT_ISIC_0027665.jpg,vasc
ISIC_0028061.jpg,nv
ROT_ISIC_0027105.jpg,mel
SPECB_ISIC_0029340.jpg,bkl
SPEC_ISIC_0026528.jpg,bcc
ISIC_0026945.jpg,nv
SPECB_ISIC_0027428.jpg,bkl
ISIC_0026461.jpg,nv
ISIC_0033862.jpg,nv
ISIC_0033906.jpg,nv
ISIC_0028099.jpg,nv
ROT_ISIC_0027888.jpg,vasc
ISIC_0033180.jpg,mel
ISIC_0028878.jpg,bkl
ISIC_0034110.jpg,nv
ROT_ISIC_0031196.jpg,bkl
ISIC_0028481.jpg,mel
ISIC_0027997.jpg,bcc
SPECB_ISIC_0026593.jpg,bcc
ISIC_0028105.jpg,nv
SPECB_ISIC_0031577.jpg,bkl
ISIC_0030127.jpg,nv
ISIC_0026954.jpg,nv
SPECB_ISIC_0026993.jpg,mel
ISIC_0031548.jpg,nv
ROT_ISIC_0030561.jpg,bkl
ISIC_0032170.jpg,bkl
SPEC_ISIC_0025031.jpg,bcc
ISIC_0033378.jpg,bkl
ISIC_0031125.jpg,bkl
ROT_ISIC_0029249.jpg,bkl
SPEC_ISIC_0031819.jpg,bkl
SPEC_ISIC_0026794.jpg,bkl
ISIC_0033393.jpg,mel
ROT_ISIC_0033061.jpg,mel
ISIC_0030909.jpg,nv
ROT_ISIC_0028856.jpg,bkl
ISIC_0034257.jpg,bcc
ISIC_0026371.jpg,df
ISIC_0024536.jpg,nv
ISIC_0030847.jpg,bkl
ISIC_0025549.jpg,nv
ISIC_0030888.jpg,nv
ISIC_0033999.jpg,mel
SPEC_ISIC_0027202.jpg,bkl
ROT_ISIC_0029655.jpg,bcc
ISIC_0024694.jpg,nv
ISIC_0029058.jpg,nv
ISIC_0030105.jpg,nv
ISIC_0026403.jpg,nv
ISIC_0031634.jpg,nv
ISIC_0027948.jpg,mel
ROT_ISIC_0032415.jpg,bcc
ROT_ISIC_0029331.jpg,bcc
ISIC_0033970.jpg,mel
SPECB_ISIC_0033991.jpg,vasc
ISIC_0024733.jpg,mel
ISIC_0025355.jpg,nv
SPECB_ISIC_0025830.jpg,mel
ROT_ISIC_0029212.jpg,mel
ISIC_0026772.jpg,nv
SPEC_ISIC_0027229.jpg,bcc
ISIC_0028880.jpg,nv
SPECB_ISIC_0031537.jpg,bcc
ROT_ISIC_0031295.jpg,mel
ISIC_0028231.jpg,akiec
ISIC_0033181.jpg,nv
ISIC_0026000.jpg,nv
SPEC_ISIC_0026135.jpg,nv
ISIC_0031774.jpg,nv
ROT_ISIC_0025076.jpg,bkl
SPECB_ISIC_0028659.jpg,akiec
ISIC_0028306.jpg,mel
ROT_ISIC_0029480.jpg,mel
SPEC_ISIC_0025431.jpg,bkl
ISIC_0030312.jpg,df
ISIC_0026428.jpg,nv
SPECB_ISIC_0033582.jpg,bkl
ISIC_0028514.jpg,nv
ISIC_0030398.jpg,nv
ISIC_0030389.jpg,nv
ISIC_0030561.jpg,bkl
ISIC_0027350.jpg,bkl
ISIC_0033603.jpg,mel
SPECB_ISIC_0031749.jpg,bcc
SPEC_ISIC_0026286.jpg,bkl
ISIC_0032530.jpg,mel
SPECB_ISIC_0030822.jpg,bkl
ISIC_0029875.jpg,nv
ISIC_0026924.jpg,nv
ISIC_0030481.jpg,nv
ROT_ISIC_0026538.jpg,bkl
ISIC_0030584.jpg,nv
SPECB_ISIC_0025515.jpg,bkl
ROT_ISIC_0027754.jpg,bkl
ISIC_0031992.jpg,nv
SPECB_ISIC_0029562.jpg,nv
ROT_ISIC_0033470.jpg,mel
SPECB_ISIC_0028082.jpg,mel
ISIC_0027831.jpg,bkl
ISIC_0030939.jpg,nv
ISIC_0025392.jpg,bkl
ISIC_0032847.jpg,mel
SPECB_ISIC_0026664.jpg,mel
ISIC_0026418.jpg,nv
ROT_ISIC_0033758.jpg,bkl
ROT_ISIC_0026336.jpg,vasc
ISIC_0027280.jpg,nv
ISIC_0029318.jpg,mel
SPECB_ISIC_0031132.jpg,bkl
ROT_ISIC_0033828.jpg,bkl
ISIC_0027141.jpg,df
ISIC_0029107.jpg,bkl
SPECB_ISIC_0026490.jpg,vasc
SPEC_ISIC_0033642.jpg,bkl
SPECB_ISIC_0033460.jpg,bkl
ISIC_0031852.jpg,akiec
ISIC_0030863.jpg,nv
ROT_ISIC_0027546.jpg,bcc
SPEC_ISIC_0025711.jpg,bcc
ISIC_0024937.jpg,nv
ISIC_0026174.jpg,bkl
ROT_ISIC_0029363.jpg,mel
ISIC_0033693.jpg,bkl
SPECB_ISIC_0032949.jpg,bkl
SPECB_ISIC_0034315.jpg,bkl
SPEC_ISIC_0027996.jpg,bkl
ISIC_0024926.jpg,df
ISIC_0027683.jpg,nv
ISIC_0027935.jpg,nv
SPECB_ISIC_0034221.jpg,bkl
ISIC_0033401.jpg,bkl
ISIC_0029962.jpg,df
ISIC_0025865.jpg,nv
ISIC_0025748.jpg,mel
ISIC_0024750.jpg,nv
ISIC_0028051.jpg,mel
SPEC_ISIC_0033321.jpg,bkl
ISIC_0027729.jpg,mel
ROT_ISIC_0025431.jpg,bkl
SPECB_ISIC_0028730.jpg,akiec
ROT_ISIC_0034095.jpg,bcc
ISIC_0029055.jpg,nv
ISIC_0028691.jpg,nv
ISIC_0027595.jpg,bcc
SPECB_ISIC_0024525.jpg,akiec
SPEC_ISIC_0033720.jpg,bcc
SPECB_ISIC_0025891.jpg,mel
ROT_ISIC_0029558.jpg,mel
SPEC_ISIC_0031825.jpg,bkl
ROT_ISIC_0026422.jpg,bkl
SPECB_ISIC_0029877.jpg,vasc
ROT_ISIC_0025450.jpg,nv
SPEC_ISIC_0027650.jpg,akiec
SPEC_ISIC_0025484.jpg,bkl
ISIC_0025683.jpg,nv
SPECB_ISIC_0029420.jpg,bkl
ISIC_0030102.jpg,bkl
ROT_ISIC_0027302.jpg,mel
ISIC_0025924.jpg,vasc
ROT_ISIC_0033199.jpg,bkl
SPECB_ISIC_0026192.jpg,bcc
SPECB_ISIC_0028419.jpg,bcc
ROT_ISIC_0024418.jpg,akiec
ISIC_0029233.jpg,bkl
SPEC_ISIC_0030956.jpg,vasc
ISIC_0032381.jpg,nv
ISIC_0025779.jpg,nv
ISIC_0026121.jpg,nv
ISIC_0024975.jpg,nv
ROT_ISIC_0032517.jpg,mel
ISIC_0030416.jpg,nv
SPECB_ISIC_0026268.jpg,mel
ISIC_0027131.jpg,nv
ISIC_0031458.jpg,nv
ISIC_0027956.jpg,mel
ISIC_0028134.jpg,nv
ISIC_0027995.jpg,nv
SPECB_ISIC_0027057.jpg,bcc
ISIC_0031342.jpg,nv
ISIC_0026902.jpg,bcc
ISIC_0032463.jpg,bkl
SPECB_ISIC_0030644.jpg,akiec
SPEC_ISIC_0024643.jpg,bkl
ISIC_0024905.jpg,nv
ROT_ISIC_0028158.jpg,bcc
ROT_ISIC_0031266.jpg,bcc
SPECB_ISIC_0026298.jpg,bkl
ISIC_0033624.jpg,bkl
ISIC_0031755.jpg,nv
ISIC_0025454.jpg,nv
SPECB_ISIC_0028662.jpg,bkl
SPECB_ISIC_0025651.jpg,mel
ISIC_0031907.jpg,nv
ISIC_0030025.jpg,nv
ISIC_0025975.jpg,bcc
ISIC_0027362.jpg,nv
ISIC_0026035.jpg,nv
ISIC_0032431.jpg,nv
ISIC_0027815.jpg,bkl
SPEC_ISIC_0033212.jpg,bkl
ISIC_0032497.jpg,bcc
ISIC_0025794.jpg,nv
ISIC_0033531.jpg,bkl
ISIC_0024494.jpg,bkl
ROT_ISIC_0028229.jpg,bkl
ROT_ISIC_0030756.jpg,mel
ISIC_0033033.jpg,nv
SPECB_ISIC_0027998.jpg,bcc
ISIC_0026774.jpg,nv
ISIC_0028337.jpg,nv
ISIC_0029016.jpg,nv
ISIC_0033894.jpg,nv
ROT_ISIC_0033023.jpg,mel
SPEC_ISIC_0029674.jpg,bkl
ISIC_0024693.jpg,nv
ISIC_0030302.jpg,nv
ISIC_0029036.jpg,bkl
SPECB_ISIC_0031005.jpg,mel
ISIC_0033128.jpg,nv
ROT_ISIC_0028100.jpg,bkl
ISIC_0032473.jpg,nv
ISIC_0029704.jpg,nv
ROT_ISIC_0031526.jpg,bcc
ISIC_0024425.jpg,akiec
ISIC_0033197.jpg,nv
ISIC_0032276.jpg,nv
ISIC_0029630.jpg,bkl
ISIC_0034036.jpg,nv
ISIC_0028608.jpg,df
ROT_ISIC_0026388.jpg,akiec
ISIC_0032541.jpg,nv
SPECB_ISIC_0025753.jpg,bkl
ISIC_0033127.jpg,bkl
SPECB_ISIC_0027174.jpg,mel
ISIC_0033552.jpg,nv
ISIC_0030345.jpg,nv
ISIC_0024819.jpg,nv
ISIC_0033110.jpg,nv
ROT_ISIC_0034165.jpg,mel
SPEC_ISIC_0032040.jpg,bkl
ISIC_0029041.jpg,akiec
ISIC_0025052.jpg,nv
ROT_ISIC_0026993.jpg,mel
SPECB_ISIC_0032174.jpg,bcc
SPECB_ISIC_0029060.jpg,bkl
ISIC_0030453.jpg,nv
SPECB_ISIC_0033810.jpg,df
SPECB_ISIC_0032187.jpg,mel
ISIC_0027560.jpg,mel
ISIC_0028397.jpg,nv
ISIC_0024314.jpg,bkl
SPECB_ISIC_0032925.jpg,mel
ROT_ISIC_0027659.jpg,mel
ISIC_0030574.jpg,bcc
ISIC_0029986.jpg,mel
ISIC_0030296.jpg,akiec
ISIC_0031537.jpg,bkl
ROT_ISIC_0031406.jpg,mel
SPEC_ISIC_0028495.jpg,bcc
ROT_ISIC_0034283.jpg,bkl
ISIC_0025167.jpg,nv
SPEC_ISIC_0029263.jpg,bcc
ROT_ISIC_0029793.jpg,bkl
SPEC_ISIC_0032719.jpg,bkl
ISIC_0031041.jpg,bcc
ISIC_0033420.jpg,mel
ROT_ISIC_0032984.jpg,mel
ISIC_0031770.jpg,nv
SPEC_ISIC_0028376.jpg,bkl
SPEC_ISIC_0032877.jpg,bkl
SPEC_ISIC_0029329.jpg,bkl
ISIC_0029738.jpg,nv
ISIC_0027311.jpg,nv
ISIC_0029139.jpg,bkl
ISIC_0031673.jpg,nv
ISIC_0024596.jpg,nv
ISIC_0024684.jpg,bkl
ISIC_0027522.jpg,vasc
ISIC_0034134.jpg,bcc
ISIC_0027932.jpg,nv
ISIC_0029336.jpg,nv
ISIC_0025129.jpg,nv
ISIC_0027942.jpg,nv
ISIC_0027881.jpg,nv
ISIC_0025758.jpg,nv
ROT_ISIC_0026941.jpg,bkl
SPEC_ISIC_0025973.jpg,bkl
ISIC_0029303.jpg,nv
SPECB_ISIC_0031609.jpg,bkl
ISIC_0032690.jpg,mel
SPEC_ISIC_0031040.jpg,akiec
ISIC_0033797.jpg,nv
ISIC_0027382.jpg,nv
SPECB_ISIC_0025584.jpg,bcc
ISIC_0033644.jpg,mel
ISIC_0030017.jpg,nv
ISIC_0031367.jpg,nv
ISIC_0034103.jpg,bcc
ISIC_0027527.jpg,bkl
ISIC_0029903.jpg,nv
ROT_ISIC_0027560.jpg,mel
ISIC_0025031.jpg,bcc
ISIC_0028101.jpg,nv
SPECB_ISIC_0031706.jpg,vasc
ISIC_0030921.jpg,nv
SPEC_ISIC_0025312.jpg,bkl
ROT_ISIC_0029248.jpg,df
ROT_ISIC_0028190.jpg,akiec
ISIC_0031487.jpg,nv
ISIC_0028688.jpg,bcc
ISIC_0029166.jpg,bkl
SPECB_ISIC_0029217.jpg,bkl
ROT_ISIC_0028254.jpg,bkl
SPEC_ISIC_0026766.jpg,bcc
SPECB_ISIC_0030574.jpg,bcc
SPECB_ISIC_0033668.jpg,mel
ISIC_0031220.jpg,nv
ROT_ISIC_0025932.jpg,bcc
SPECB_ISIC_0025520.jpg,mel
ISIC_0026153.jpg,bkl
SPECB_ISIC_0033953.jpg,nv
ISIC_0032216.jpg,nv
ISIC_0028395.jpg,nv
ROT_ISIC_0026314.jpg,nv
ROT_ISIC_0027300.jpg,mel
SPECB_ISIC_0033031.jpg,vasc
ROT_ISIC_0028885.jpg,vasc
ISIC_0032081.jpg,mel
ISIC_0029682.jpg,bkl
ISIC_0029814.jpg,nv
ISIC_0024792.jpg,mel
SPECB_ISIC_0031146.jpg,mel
ROT_ISIC_0024382.jpg,bkl
ROT_ISIC_0032070.jpg,mel
ISIC_0028940.jpg,nv
ISIC_0024515.jpg,bcc
ISIC_0025725.jpg,nv
ROT_ISIC_0032557.jpg,vasc
ROT_ISIC_0032511.jpg,mel
ISIC_0033783.jpg,bkl
SPECB_ISIC_0032441.jpg,nv
SPECB_ISIC_0026714.jpg,bkl
SPECB_ISIC_0028653.jpg,bcc
ISIC_0030250.jpg,nv
ISIC_0032220.jpg,bcc
SPEC_ISIC_0025319.jpg,akiec
ISIC_0024360.jpg,bcc
ISIC_0027793.jpg,nv
ISIC_0033772.jpg,mel
ISIC_0028796.jpg,nv
ROT_ISIC_0030227.jpg,akiec
ISIC_0034095.jpg,bcc
ROT_ISIC_0027960.jpg,bkl
ISIC_0031088.jpg,bkl
ISIC_0024892.jpg,nv
SPEC_ISIC_0026393.jpg,vasc
ROT_ISIC_0031061.jpg,bkl
SPEC_ISIC_0029546.jpg,bcc
ISIC_0024399.jpg,nv
ISIC_0025185.jpg,nv
ISIC_0028420.jpg,bkl
ISIC_0028545.jpg,nv
ISIC_0024809.jpg,nv
ISIC_0028910.jpg,nv
ISIC_0026478.jpg,bcc
ISIC_0028280.jpg,nv
SPEC_ISIC_0031007.jpg,akiec
SPECB_ISIC_0031597.jpg,bcc
SPECB_ISIC_0028555.jpg,bkl
ISIC_0033542.jpg,nv
ROT_ISIC_0033716.jpg,bkl
SPECB_ISIC_0030828.jpg,mel
ISIC_0032175.jpg,mel
ROT_ISIC_0032456.jpg,mel
SPEC_ISIC_0030712.jpg,bcc
ISIC_0024777.jpg,nv
ISIC_0027774.jpg,bcc
ROT_ISIC_0030785.jpg,akiec
SPECB_ISIC_0032797.jpg,mel
ISIC_0025288.jpg,nv
ISIC_0024336.jpg,bkl
ROT_ISIC_0032013.jpg,bkl
SPECB_ISIC_0031495.jpg,bkl
ISIC_0031512.jpg,nv
ISIC_0027730.jpg,nv
SPECB_ISIC_0026760.jpg,bcc
ROT_ISIC_0027704.jpg,bcc
ISIC_0029919.jpg,bcc
SPEC_ISIC_0032437.jpg,akiec
SPECB_ISIC_0029606.jpg,mel
ROT_ISIC_0028056.jpg,mel
ISIC_0030371.jpg,nv
ISIC_0033363.jpg,nv
SPEC_ISIC_0030549.jpg,bcc
SPEC_ISIC_0029778.jpg,bkl
SPEC_ISIC_0030579.jpg,df
ISIC_0025963.jpg,mel
ISIC_0026490.jpg,vasc
SPEC_ISIC_0029962.jpg,df
SPEC_ISIC_0031672.jpg,akiec
ISIC_0028054.jpg,nv
ISIC_0027384.jpg,nv
SPEC_ISIC_0027326.jpg,bkl
ISIC_0029969.jpg,nv
ISIC_0030815.jpg,nv
ISIC_0029259.jpg,nv
ROT_ISIC_0032726.jpg,mel
ISIC_0026892.jpg,nv
ROT_ISIC_0025303.jpg,mel
ROT_ISIC_0026188.jpg,mel
ISIC_0028118.jpg,mel
ISIC_0028289.jpg,nv
SPEC_ISIC_0030607.jpg,nv
ISIC_0028296.jpg,nv
ISIC_0031061.jpg,mel
ROT_ISIC_0026770.jpg,mel
ISIC_0032209.jpg,nv
SPECB_ISIC_0031346.jpg,vasc
ISIC_0033629.jpg,bkl
ISIC_0029237.jpg,nv
ISIC_0032356.jpg,akiec
SPECB_ISIC_0029515.jpg,bcc
SPECB_ISIC_0034175.jpg,bkl
ISIC_0030832.jpg,nv
ISIC_0028217.jpg,mel
ISIC_0028760.jpg,nv
ISIC_0027986.jpg,nv
ROT_ISIC_0029613.jpg,bkl
ISIC_0026737.jpg,bkl
ISIC_0031961.jpg,bkl
ISIC_0024381.jpg,bkl
ISIC_0030759.jpg,bkl
SPEC_ISIC_0030768.jpg,bkl
SPEC_ISIC_0029793.jpg,bkl
ROT_ISIC_0025758.jpg,bkl
SPEC_ISIC_0030142.jpg,akiec
ROT_ISIC_0024795.jpg,bcc
ISIC_0029234.jpg,nv
SPEC_ISIC_0026704.jpg,bkl
ISIC_0031450.jpg,bcc
SPECB_ISIC_0028680.jpg,vasc
ISIC_0031619.jpg,bkl
ISIC_0026152.jpg,akiec
SPECB_ISIC_0028158.jpg,bcc
ISIC_0027252.jpg,nv
ISIC_0027884.jpg,akiec
ISIC_0027149.jpg,mel
ROT_ISIC_0027118.jpg,nv
SPECB_ISIC_0028878.jpg,mel
ISIC_0031105.jpg,nv
ISIC_0025302.jpg,df
ISIC_0032794.jpg,nv
ISIC_0030711.jpg,nv
SPECB_ISIC_0030636.jpg,bkl
SPECB_ISIC_0028331.jpg,bkl
SPEC_ISIC_0027668.jpg,akiec
ROT_ISIC_0030487.jpg,akiec
ROT_ISIC_0032207.jpg,nv
SPEC_ISIC_0030522.jpg,nv
SPEC_ISIC_0028449.jpg,bkl
ISIC_0033905.jpg,mel
ISIC_0027248.jpg,nv
ROT_ISIC_0033005.jpg,df
ROT_ISIC_0031408.jpg,mel
ISIC_0031632.jpg,nv
ISIC_0029797.jpg,nv
ISIC_0024567.jpg,nv
ISIC_0028331.jpg,bkl
ISIC_0027902.jpg,nv
ISIC_0028132.jpg,akiec
SPEC_ISIC_0032681.jpg,bkl
SPECB_ISIC_0031591.jpg,bkl
ISIC_0033896.jpg,nv
ROT_ISIC_0034036.jpg,nv
ISIC_0024732.jpg,mel
ROT_ISIC_0024331.jpg,bcc
ROT_ISIC_0032498.jpg,bkl
ROT_ISIC_0028550.jpg,bkl
SPEC_ISIC_0026645.jpg,bcc
SPECB_ISIC_0031961.jpg,bkl
ISIC_0027394.jpg,bkl
ISIC_0030706.jpg,nv
ROT_ISIC_0031957.jpg,mel
ISIC_0029543.jpg,nv
ISIC_0024476.jpg,mel
SPECB_ISIC_0025758.jpg,nv
ROT_ISIC_0027668.jpg,akiec
SPEC_ISIC_0026092.jpg,vasc
ISIC_0032441.jpg,nv
ROT_ISIC_0025826.jpg,nv
ISIC_0028402.jpg,nv
ISIC_0029391.jpg,bcc
ROT_ISIC_0028393.jpg,akiec
ISIC_0033943.jpg,mel
SPECB_ISIC_0033855.jpg,bkl
ISIC_0032925.jpg,mel
ISIC_0025923.jpg,nv
SPECB_ISIC_0033911.jpg,mel
ROT_ISIC_0029101.jpg,bkl
ISIC_0027208.jpg,nv
ISIC_0030595.jpg,nv
ISIC_0025128.jpg,mel
ISIC_0028126.jpg,mel
ROT_ISIC_0027350.jpg,mel
ROT_ISIC_0026571.jpg,mel
SPECB_ISIC_0025622.jpg,df
ISIC_0029941.jpg,nv
SPEC_ISIC_0030649.jpg,bkl
ISIC_0027122.jpg,nv
SPEC_ISIC_0033453.jpg,bkl
SPECB_ISIC_0033017.jpg,mel
ROT_ISIC_0033387.jpg,mel
SPEC_ISIC_0027117.jpg,bcc
ISIC_0029447.jpg,nv
ISIC_0025217.jpg,nv
ISIC_0026281.jpg,mel
ISIC_0025596.jpg,vasc
ISIC_0029456.jpg,nv
SPECB_ISIC_0030346.jpg,bkl
ISIC_0028487.jpg,nv
ISIC_0033659.jpg,bkl
ISIC_0024821.jpg,nv
ISIC_0025503.jpg,nv
SPECB_ISIC_0031334.jpg,bkl
SPEC_ISIC_0024782.jpg,bkl
ISIC_0031158.jpg,nv
ROT_ISIC_0029562.jpg,nv
ISIC_0030217.jpg,nv
ISIC_0030732.jpg,nv
SPEC_ISIC_0032124.jpg,bkl
ISIC_0030000.jpg,nv
ISIC_0034163.jpg,nv
ISIC_0025026.jpg,nv
ISIC_0028900.jpg,mel
ISIC_0024623.jpg,bkl
ROT_ISIC_0028449.jpg,bkl
ISIC_0028740.jpg,nv
SPECB_ISIC_0028739.jpg,bcc
ROT_ISIC_0028086.jpg,mel
SPECB_ISIC_0027531.jpg,bcc
ISIC_0030525.jpg,nv
SPEC_ISIC_0030010.jpg,bcc
SPEC_ISIC_0026522.jpg,akiec
ROT_ISIC_0031413.jpg,bcc
SPECB_ISIC_0024706.jpg,vasc
ROT_ISIC_0029051.jpg,bkl
ROT_ISIC_0031000.jpg,akiec
ISIC_0026208.jpg,nv
SPEC_ISIC_0027525.jpg,bcc
SPECB_ISIC_0027875.jpg,bkl
ISIC_0032581.jpg,nv
ISIC_0025740.jpg,nv
ISIC_0030013.jpg,nv
SPECB_ISIC_0034233.jpg,mel
SPECB_ISIC_0027202.jpg,bkl
ISIC_0026100.jpg,akiec
SPECB_ISIC_0025046.jpg,bcc
SPECB_ISIC_0029397.jpg,mel
SPECB_ISIC_0030606.jpg,vasc
ROT_ISIC_0031552.jpg,bcc
ISIC_0032778.jpg,bkl
ISIC_0029851.jpg,akiec
ROT_ISIC_0024948.jpg,akiec
ISIC_0028004.jpg,nv
ISIC_0027682.jpg,nv
ROT_ISIC_0033487.jpg,mel
ISIC_0025111.jpg,nv
SPEC_ISIC_0027184.jpg,akiec
SPEC_ISIC_0029123.jpg,bcc
ROT_ISIC_0030032.jpg,mel
SPEC_ISIC_0025326.jpg,bkl
SPECB_ISIC_0032063.jpg,bkl
SPEC_ISIC_0034201.jpg,bkl
ISIC_0024625.jpg,nv
ISIC_0030328.jpg,nv
ISIC_0026916.jpg,mel
ROT_ISIC_0032302.jpg,bcc
ROT_ISIC_0031706.jpg,vasc
ISIC_0028787.jpg,nv
SPEC_ISIC_0031421.jpg,akiec
ISIC_0024974.jpg,nv
ISIC_0026746.jpg,mel
SPEC_ISIC_0028611.jpg,bcc
ISIC_0025613.jpg,nv
ISIC_0024734.jpg,mel
SPEC_ISIC_0028486.jpg,bcc
SPECB_ISIC_0026194.jpg,akiec
ISIC_0033662.jpg,mel
ROT_ISIC_0028087.jpg,mel
ROT_ISIC_0033662.jpg,mel
ISIC_0028178.jpg,nv
ISIC_0028210.jpg,nv
ISIC_0031991.jpg,bkl
ROT_ISIC_0027753.jpg,akiec
ISIC_0026213.jpg,bcc
ISIC_0026228.jpg,nv
SPECB_ISIC_0024850.jpg,mel
ISIC_0026557.jpg,nv
ISIC_0029229.jpg,nv
ROT_ISIC_0025005.jpg,bkl
ISIC_0027486.jpg,mel
ROT_ISIC_0033675.jpg,df
ISIC_0030278.jpg,nv
SPEC_ISIC_0028258.jpg,bkl
ISIC_0024451.jpg,nv
ISIC_0026372.jpg,mel
ISIC_0032656.jpg,mel
ROT_ISIC_0029460.jpg,akiec
ROT_ISIC_0033272.jpg,mel
ROT_ISIC_0033696.jpg,mel
ISIC_0030757.jpg,df
SPEC_ISIC_0026656.jpg,bcc
ROT_ISIC_0027651.jpg,mel
SPEC_ISIC_0025182.jpg,akiec
ISIC_0027045.jpg,nv
ISIC_0025469.jpg,mel
ROT_ISIC_0033630.jpg,mel
ROT_ISIC_0025830.jpg,mel
ROT_ISIC_0031718.jpg,mel
ISIC_0029920.jpg,nv
SPECB_ISIC_0029033.jpg,mel
ISIC_0031707.jpg,bkl
ISIC_0024605.jpg,nv
SPECB_ISIC_0033819.jpg,mel
ISIC_0032037.jpg,nv
ISIC_0025299.jpg,bcc
ISIC_0032642.jpg,df
ROT_ISIC_0029443.jpg,bkl
SPEC_ISIC_0028615.jpg,bkl
ISIC_0033480.jpg,mel
ISIC_0026775.jpg,bkl
ISIC_0029839.jpg,mel
ISIC_0026462.jpg,nv
ISIC_0027225.jpg,nv
ROT_ISIC_0032919.jpg,vasc
SPECB_ISIC_0029302.jpg,bkl
ISIC_0033243.jpg,nv
ISIC_0033556.jpg,nv
ISIC_0029382.jpg,nv
SPEC_ISIC_0025799.jpg,bkl
ISIC_0032101.jpg,nv
ISIC_0029544.jpg,bkl
ISIC_0030943.jpg,nv
ISIC_0031273.jpg,nv
ISIC_0028929.jpg,mel
ISIC_0029881.jpg,mel
SPECB_ISIC_0024890.jpg,mel
ISIC_0033880.jpg,nv
ISIC_0029161.jpg,bkl
SPEC_ISIC_0031245.jpg,bcc
ROT_ISIC_0029578.jpg,df
ISIC_0027826.jpg,bkl
SPECB_ISIC_0025358.jpg,akiec
ISIC_0024933.jpg,nv
ROT_ISIC_0031770.jpg,akiec
ISIC_0027472.jpg,nv
SPECB_ISIC_0029780.jpg,mel
ISIC_0029713.jpg,akiec
SPEC_ISIC_0031698.jpg,bcc
ISIC_0027896.jpg,akiec
ISIC_0032578.jpg,nv
ISIC_0029471.jpg,nv
ISIC_0024691.jpg,nv
ISIC_0032822.jpg,mel
ISIC_0028977.jpg,bkl
ISIC_0029810.jpg,bkl
SPEC_ISIC_0030143.jpg,akiec
ROT_ISIC_0032040.jpg,bkl
ISIC_0027843.jpg,nv
ROT_ISIC_0025766.jpg,mel
SPECB_ISIC_0032240.jpg,vasc
SPEC_ISIC_0033124.jpg,bkl
ISIC_0028901.jpg,mel
ISIC_0027247.jpg,nv
ISIC_0025196.jpg,akiec
ISIC_0031598.jpg,nv
SPEC_ISIC_0026675.jpg,bkl
ISIC_0028868.jpg,nv
ISIC_0025705.jpg,nv
ROT_ISIC_0032095.jpg,mel
ISIC_0026521.jpg,nv
ROT_ISIC_0028080.jpg,bkl
SPECB_ISIC_0032695.jpg,mel
ISIC_0031518.jpg,nv
ISIC_0026637.jpg,mel
ROT_ISIC_0031950.jpg,vasc
SPECB_ISIC_0034125.jpg,bkl
ISIC_0031291.jpg,nv
SPEC_ISIC_0027989.jpg,bkl
ISIC_0031833.jpg,nv
ISIC_0032495.jpg,nv
ISIC_0030460.jpg,nv
ISIC_0025113.jpg,akiec
SPECB_ISIC_0031712.jpg,nv
ISIC_0026242.jpg,nv
ISIC_0026352.jpg,mel
ISIC_0032808.jpg,bcc
ISIC_0030170.jpg,nv
SPECB_ISIC_0029288.jpg,bkl
ISIC_0028414.jpg,bkl
ISIC_0029283.jpg,nv
ISIC_0032398.jpg,nv
SPECB_ISIC_0033524.jpg,mel
ISIC_0032373.jpg,bkl
ISIC_0032713.jpg,nv
SPECB_ISIC_0029238.jpg,mel
ISIC_0027357.jpg,nv
ISIC_0027182.jpg,nv
ISIC_0031796.jpg,nv
ISIC_0030982.jpg,nv
SPECB_ISIC_0024453.jpg,bkl
ISIC_0033859.jpg,nv
ISIC_0031442.jpg,bcc
ROT_ISIC_0024370.jpg,vasc
ROT_ISIC_0033491.jpg,bkl
ISIC_0030122.jpg,mel
ISIC_0033177.jpg,nv
ISIC_0025830.jpg,bkl
ISIC_0028020.jpg,bkl
ISIC_0027370.jpg,bkl
ISIC_0027491.jpg,nv
SPECB_ISIC_0032903.jpg,mel
ISIC_0030667.jpg,nv
ISIC_0026621.jpg,bkl
ISIC_0030236.jpg,nv
SPECB_ISIC_0027826.jpg,bkl
ROT_ISIC_0030607.jpg,bkl
SPEC_ISIC_0032051.jpg,bkl
ROT_ISIC_0025066.jpg,akiec
ROT_ISIC_0033533.jpg,mel
ROT_ISIC_0029779.jpg,bcc
ISIC_0029199.jpg,nv
SPECB_ISIC_0028123.jpg,bkl
ISIC_0034043.jpg,nv
ISIC_0033213.jpg,nv
SPECB_ISIC_0033866.jpg,akiec
ROT_ISIC_0030465.jpg,mel
ROT_ISIC_0028508.jpg,mel
SPEC_ISIC_0028499.jpg,akiec
ISIC_0024942.jpg,nv
SPEC_ISIC_0032997.jpg,bkl
ISIC_0031454.jpg,nv
SPECB_ISIC_0026443.jpg,akiec
ISIC_0024889.jpg,nv
ISIC_0032102.jpg,nv
ROT_ISIC_0032509.jpg,nv
ISIC_0031287.jpg,bkl
ROT_ISIC_0025851.jpg,bkl
SPECB_ISIC_0031738.jpg,akiec
ISIC_0033324.jpg,mel
SPECB_ISIC_0033705.jpg,akiec
SPECB_ISIC_0027754.jpg,bkl
ISIC_0029978.jpg,nv
ISIC_0029700.jpg,nv
ISIC_0033744.jpg,bkl
SPECB_ISIC_0029331.jpg,bcc
SPEC_ISIC_0031659.jpg,akiec
SPEC_ISIC_0028168.jpg,bcc
ISIC_0029400.jpg,nv
ISIC_0025346.jpg,bkl
ROT_ISIC_0034289.jpg,mel
ISIC_0030500.jpg,nv
SPECB_ISIC_0027154.jpg,bkl
ISIC_0028324.jpg,nv
ISIC_0026248.jpg,bkl
ISIC_0033427.jpg,nv
ISIC_0034271.jpg,nv
ROT_ISIC_0026457.jpg,akiec
SPECB_ISIC_0025637.jpg,akiec
SPECB_ISIC_0033908.jpg,bkl
ISIC_0033415.jpg,mel
ISIC_0031500.jpg,nv
ISIC_0031829.jpg,nv
ROT_ISIC_0032124.jpg,bkl
ISIC_0033380.jpg,nv
SPECB_ISIC_0032988.jpg,bkl
SPECB_ISIC_0033042.jpg,mel
ISIC_0028109.jpg,nv
ISIC_0025298.jpg,nv
ISIC_0030336.jpg,nv
ISIC_0029723.jpg,nv
SPECB_ISIC_0031159.jpg,bkl
ISIC_0029452.jpg,mel
ISIC_0032080.jpg,nv
ISIC_0032113.jpg,bkl
SPEC_ISIC_0032799.jpg,bcc
SPEC_ISIC_0033913.jpg,bkl
ISIC_0027489.jpg,nv
ROT_ISIC_0033817.jpg,vasc
ISIC_0029572.jpg,nv
SPECB_ISIC_0026468.jpg,nv
ISIC_0033723.jpg,nv
ISIC_0031380.jpg,vasc
ROT_ISIC_0033685.jpg,bkl
ISIC_0031547.jpg,nv
ISIC_0024925.jpg,akiec
ISIC_0033672.jpg,mel
ROT_ISIC_0033853.jpg,bkl
SPEC_ISIC_0026433.jpg,bcc
SPEC_ISIC_0030844.jpg,akiec
SPECB_ISIC_0029107.jpg,bkl
ISIC_0026115.jpg,mel
ISIC_0034219.jpg,nv
ISIC_0031381.jpg,akiec
ISIC_0024490.jpg,bkl
SPECB_ISIC_0028449.jpg,bkl
ISIC_0028807.jpg,bcc
SPECB_ISIC_0024468.jpg,akiec
SPEC_ISIC_0024763.jpg,bkl
SPEC_ISIC_0029929.jpg,bkl
ISIC_0027416.jpg,nv
ISIC_0031981.jpg,nv
ISIC_0027675.jpg,bcc
SPECB_ISIC_0030661.jpg,bkl
ISIC_0025339.jpg,bkl
ROT_ISIC_0033545.jpg,mel
ISIC_0032544.jpg,mel
ISIC_0027950.jpg,akiec
ISIC_0028396.jpg,nv
SPECB_ISIC_0027608.jpg,bkl
SPECB_ISIC_0025583.jpg,bkl
ISIC_0026043.jpg,nv
SPECB_ISIC_0028710.jpg,bkl
ISIC_0029802.jpg,bkl
ROT_ISIC_0027260.jpg,mel
SPEC_ISIC_0031384.jpg,bcc
ISIC_0024902.jpg,nv
SPECB_ISIC_0029819.jpg,mel
ISIC_0033119.jpg,nv
ROT_ISIC_0024360.jpg,bcc
SPECB_ISIC_0027700.jpg,akiec
ROT_ISIC_0031226.jpg,bkl
ROT_ISIC_0033953.jpg,mel
ISIC_0029696.jpg,mel
ISIC_0025141.jpg,mel
SPECB_ISIC_0025696.jpg,akiec
SPECB_ISIC_0033232.jpg,mel
ISIC_0033178.jpg,mel
SPEC_ISIC_0031298.jpg,bcc
SPEC_ISIC_0031716.jpg,bcc
SPEC_ISIC_0032417.jpg,bkl
SPECB_ISIC_0028168.jpg,bcc
SPECB_ISIC_0025387.jpg,bkl
ISIC_0027616.jpg,mel
SPEC_ISIC_0034169.jpg,df
SPECB_ISIC_0033677.jpg,bkl
ISIC_0028727.jpg,nv
SPECB_ISIC_0034142.jpg,bkl
ISIC_0033137.jpg,nv
SPECB_ISIC_0029770.jpg,mel
ROT_ISIC_0033269.jpg,mel
SPECB_ISIC_0032424.jpg,mel
ROT_ISIC_0028218.jpg,mel
ROT_ISIC_0033708.jpg,mel
SPECB_ISIC_0028795.jpg,akiec
SPECB_ISIC_0029660.jpg,mel
SPECB_ISIC_0027190.jpg,mel
SPECB_ISIC_0032856.jpg,mel
ISIC_0025674.jpg,mel
ROT_ISIC_0030812.jpg,bkl
ISIC_0029926.jpg,mel
ISIC_0024466.jpg,nv
ISIC_0030158.jpg,akiec
ROT_ISIC_0029462.jpg,akiec
ISIC_0025132.jpg,mel
ISIC_0024631.jpg,nv
SPECB_ISIC_0027648.jpg,df
ISIC_0028674.jpg,nv
ROT_ISIC_0029500.jpg,akiec
ROT_ISIC_0031417.jpg,mel
ROT_ISIC_0031362.jpg,bkl
ISIC_0026858.jpg,nv
ROT_ISIC_0024579.jpg,akiec
ROT_ISIC_0031716.jpg,bkl
ISIC_0032200.jpg,bkl
ISIC_0032744.jpg,nv
ISIC_0030543.jpg,nv
ISIC_0032651.jpg,mel
SPEC_ISIC_0033844.jpg,vasc
SPEC_ISIC_0031017.jpg,bkl
ISIC_0025569.jpg,nv
ISIC_0032237.jpg,nv
SPEC_ISIC_0025810.jpg,bkl
ISIC_0033899.jpg,bkl
ISIC_0032461.jpg,bcc
SPECB_ISIC_0030032.jpg,mel
ISIC_0030565.jpg,bkl
ISIC_0027821.jpg,nv
ROT_ISIC_0033287.jpg,mel
SPEC_ISIC_0032897.jpg,akiec
ISIC_0034056.jpg,mel
ROT_ISIC_0032576.jpg,bkl
SPEC_ISIC_0029340.jpg,bkl
ROT_ISIC_0030784.jpg,mel
ISIC_0033643.jpg,nv
ISIC_0028810.jpg,mel
ISIC_0027419.jpg,bkl
SPEC_ISIC_0032277.jpg,akiec
ROT_ISIC_0030060.jpg,mel
SPEC_ISIC_0029802.jpg,bkl
ROT_ISIC_0033848.jpg,mel
ROT_ISIC_0032611.jpg,bcc
SPEC_ISIC_0031677.jpg,bkl
SPECB_ISIC_0032164.jpg,bcc
ISIC_0026681.jpg,nv
ISIC_0026633.jpg,nv
SPEC_ISIC_0029927.jpg,bkl
ISIC_0027731.jpg,nv
SPECB_ISIC_0026091.jpg,bcc
ISIC_0025900.jpg,nv
ROT_ISIC_0034223.jpg,bcc
SPECB_ISIC_0030630.jpg,bkl
ISIC_0024956.jpg,nv
ISIC_0027978.jpg,mel
SPECB_ISIC_0028316.jpg,bcc
ROT_ISIC_0025388.jpg,bkl
ISIC_0025156.jpg,nv
ISIC_0028148.jpg,mel
SPEC_ISIC_0025842.jpg,bkl
SPECB_ISIC_0027814.jpg,bcc
ISIC_0025110.jpg,nv
ISIC_0032136.jpg,nv
ROT_ISIC_0029147.jpg,bkl
ISIC_0027910.jpg,bkl
SPECB_ISIC_0032997.jpg,bkl
ISIC_0027121.jpg,nv
ISIC_0028986.jpg,nv
ISIC_0026053.jpg,nv
SPEC_ISIC_0028816.jpg,akiec
ISIC_0032940.jpg,mel
ROT_ISIC_0031346.jpg,vasc
ISIC_0032255.jpg,nv
ROT_ISIC_0026789.jpg,df
SPECB_ISIC_0033278.jpg,mel
ISIC_0025057.jpg,nv
SPEC_ISIC_0031063.jpg,bcc
SPECB_ISIC_0026046.jpg,bkl
ISIC_0032227.jpg,nv
ISIC_0033717.jpg,nv
ISIC_0031072.jpg,nv
ISIC_0029958.jpg,mel
ISIC_0033455.jpg,nv
ISIC_0033152.jpg,mel
SPECB_ISIC_0031526.jpg,bcc
SPEC_ISIC_0025209.jpg,bkl
ISIC_0031179.jpg,nv
ISIC_0024650.jpg,nv
ROT_ISIC_0034151.jpg,bkl
ISIC_0024353.jpg,nv
SPECB_ISIC_0032618.jpg,mel
SPEC_ISIC_0028820.jpg,akiec
SPEC_ISIC_0031513.jpg,bcc
SPEC_ISIC_0033203.jpg,bcc
ISIC_0031236.jpg,bcc
ISIC_0026373.jpg,nv
ISIC_0024951.jpg,mel
ISIC_0032561.jpg,nv
SPECB_ISIC_0031310.jpg,mel
SPEC_ISIC_0031614.jpg,bcc
SPECB_ISIC_0027297.jpg,bcc
ROT_ISIC_0026524.jpg,bkl
ISIC_0025576.jpg,bcc
ISIC_0029211.jpg,nv
ROT_ISIC_0029912.jpg,bkl
SPEC_ISIC_0031686.jpg,bkl
SPEC_ISIC_0026927.jpg,akiec
ISIC_0026361.jpg,nv
SPECB_ISIC_0027545.jpg,bcc
ISIC_0033816.jpg,mel
SPEC_ISIC_0027175.jpg,bcc
ISIC_0030973.jpg,nv
SPECB_ISIC_0033268.jpg,mel
ISIC_0033172.jpg,nv
ISIC_0031029.jpg,bkl
ISIC_0030450.jpg,nv
SPECB_ISIC_0034134.jpg,mel
SPECB_ISIC_0026313.jpg,df
ISIC_0026442.jpg,bcc
ISIC_0031469.jpg,nv
ROT_ISIC_0031043.jpg,akiec
ISIC_0027781.jpg,bkl
ISIC_0031307.jpg,nv
ROT_ISIC_0033120.jpg,nv
ISIC_0024551.jpg,nv
SPEC_ISIC_0027017.jpg,bkl
ROT_ISIC_0029025.jpg,akiec
ISIC_0033890.jpg,nv
ISIC_0024543.jpg,nv
ROT_ISIC_0026040.jpg,akiec
SPECB_ISIC_0032138.jpg,df
SPECB_ISIC_0032095.jpg,mel
SPECB_ISIC_0032415.jpg,bcc
ISIC_0027288.jpg,nv
SPECB_ISIC_0029101.jpg,bkl
ISIC_0024607.jpg,nv
ISIC_0032490.jpg,nv
ISIC_0032689.jpg,nv
SPECB_ISIC_0032207.jpg,mel
ISIC_0026037.jpg,nv
SPEC_ISIC_0033776.jpg,bkl
ISIC_0032779.jpg,nv
ISIC_0033479.jpg,mel
ISIC_0027637.jpg,nv
ISIC_0024509.jpg,nv
SPECB_ISIC_0031287.jpg,bkl
ROT_ISIC_0028335.jpg,akiec
SPEC_ISIC_0031428.jpg,bkl
SPECB_ISIC_0024760.jpg,bkl
ISIC_0027878.jpg,nv
SPECB_ISIC_0028818.jpg,bcc
ROT_ISIC_0029291.jpg,bkl
ROT_ISIC_0029893.jpg,mel
ISIC_0031798.jpg,nv
ISIC_0028401.jpg,mel
SPEC_ISIC_0033945.jpg,bkl
ISIC_0033364.jpg,df
ISIC_0026878.jpg,nv
ISIC_0024528.jpg,nv
SPEC_ISIC_0029533.jpg,akiec
ISIC_0024688.jpg,mel
ISIC_0032208.jpg,nv
SPECB_ISIC_0029092.jpg,mel
ISIC_0033286.jpg,mel
ISIC_0027302.jpg,nv
ISIC_0031754.jpg,nv
ROT_ISIC_0033704.jpg,nv
SPEC_ISIC_0027859.jpg,akiec
ISIC_0028086.jpg,mel
SPEC_ISIC_0031852.jpg,bkl
SPEC_ISIC_0032194.jpg,bcc
ROT_ISIC_0031088.jpg,bkl
ISIC_0031159.jpg,bkl
ROT_ISIC_0033304.jpg,mel
ROT_ISIC_0030443.jpg,mel
ISIC_0031101.jpg,nv
SPECB_ISIC_0028120.jpg,bkl
ISIC_0030249.jpg,bcc
ISIC_0033964.jpg,nv
ISIC_0031977.jpg,mel
SPECB_ISIC_0026044.jpg,bkl
ISIC_0025862.jpg,nv
ROT_ISIC_0032709.jpg,mel
ROT_ISIC_0027254.jpg,akiec
ISIC_0029650.jpg,nv
ISIC_0024801.jpg,nv
ISIC_0032568.jpg,nv
ISIC_0026181.jpg,nv
ISIC_0030313.jpg,nv
ISIC_0029352.jpg,bcc
SPECB_ISIC_0024461.jpg,bcc
SPECB_ISIC_0029210.jpg,akiec
ISIC_0030071.jpg,nv
SPECB_ISIC_0025557.jpg,bcc
SPEC_ISIC_0033490.jpg,bkl
ISIC_0033712.jpg,mel
ISIC_0027133.jpg,nv
ISIC_0028191.jpg,nv
ISIC_0029338.jpg,nv
ISIC_0024312.jpg,bkl
ROT_ISIC_0032214.jpg,mel
SPEC_ISIC_0028555.jpg,bkl
ROT_ISIC_0029669.jpg,bcc
ISIC_0033350.jpg,nv
ISIC_0033740.jpg,nv
ISIC_0031924.jpg,nv
SPEC_ISIC_0026760.jpg,bcc
SPECB_ISIC_0031212.jpg,bkl
SPEC_ISIC_0029576.jpg,bkl
ISIC_0032450.jpg,mel
ISIC_0027181.jpg,nv
ISIC_0031037.jpg,bkl
ISIC_0032379.jpg,nv
ROT_ISIC_0031506.jpg,akiec
ROT_ISIC_0030700.jpg,akiec
ROT_ISIC_0027529.jpg,akiec
ISIC_0027708.jpg,akiec
ISIC_0032341.jpg,nv
ISIC_0032606.jpg,nv
ISIC_0027581.jpg,nv
ISIC_0032680.jpg,mel
SPECB_ISIC_0029791.jpg,bkl
ROT_ISIC_0027672.jpg,vasc
ISIC_0027053.jpg,mel
ISIC_0025324.jpg,mel
ISIC_0030916.jpg,nv
ISIC_0029677.jpg,nv
SPEC_ISIC_0025515.jpg,bkl
ISIC_0025053.jpg,nv
ISIC_0026079.jpg,nv
SPECB_ISIC_0033779.jpg,nv
ISIC_0031531.jpg,bcc
ISIC_0033156.jpg,bkl
ISIC_0032159.jpg,bkl
ISIC_0032930.jpg,nv
ISIC_0031876.jpg,bkl
ISIC_0030897.jpg,nv
ISIC_0033703.jpg,mel
ROT_ISIC_0033691.jpg,bkl
ISIC_0030056.jpg,bkl
ISIC_0024744.jpg,nv
ISIC_0031260.jpg,nv
SPECB_ISIC_0029513.jpg,bkl
ISIC_0028720.jpg,nv
ISIC_0030685.jpg,nv
ISIC_0030058.jpg,nv
ISIC_0032451.jpg,nv
ISIC_0028423.jpg,nv
ISIC_0029159.jpg,nv
ISIC_0029082.jpg,bcc
SPECB_ISIC_0025089.jpg,akiec
ISIC_0030717.jpg,nv
ISIC_0024524.jpg,nv
ISIC_0032848.jpg,nv
ISIC_0025885.jpg,bkl
SPECB_ISIC_0026258.jpg,mel
ISIC_0028421.jpg,nv
ISIC_0028297.jpg,mel
SPECB_ISIC_0033415.jpg,mel
SPEC_ISIC_0030242.jpg,akiec
ISIC_0025796.jpg,nv
SPECB_ISIC_0028880.jpg,df
ROT_ISIC_0032247.jpg,df
SPECB_ISIC_0026553.jpg,bkl
ROT_ISIC_0032782.jpg,mel
ISIC_0031139.jpg,nv
ISIC_0031068.jpg,nv
ISIC_0025896.jpg,nv
ISIC_0029897.jpg,bkl
ISIC_0032301.jpg,nv
ROT_ISIC_0030171.jpg,mel
ISIC_0025150.jpg,nv
SPECB_ISIC_0026433.jpg,bcc
ROT_ISIC_0034113.jpg,bkl
ROT_ISIC_0032358.jpg,bkl
ROT_ISIC_0027451.jpg,bkl
SPECB_ISIC_0027350.jpg,mel
ISIC_0032524.jpg,mel
ISIC_0031465.jpg,bkl
SPECB_ISIC_0031465.jpg,bkl
SPEC_ISIC_0028763.jpg,akiec
SPEC_ISIC_0025710.jpg,bkl
SPEC_ISIC_0032384.jpg,bcc
ISIC_0033789.jpg,nv
ISIC_0027239.jpg,bkl
ISIC_0032820.jpg,nv
ISIC_0033195.jpg,bkl
ISIC_0024763.jpg,akiec
ISIC_0027515.jpg,nv
SPECB_ISIC_0027394.jpg,bkl
ISIC_0026125.jpg,nv
ROT_ISIC_0027838.jpg,mel
ISIC_0032973.jpg,mel
ISIC_0032015.jpg,mel
ISIC_0031610.jpg,nv
SPEC_ISIC_0026409.jpg,akiec
ROT_ISIC_0027577.jpg,akiec
ISIC_0034146.jpg,bcc
SPEC_ISIC_0025661.jpg,bkl
ISIC_0026316.jpg,bkl
ISIC_0026164.jpg,nv
ROT_ISIC_0029033.jpg,mel
ROT_ISIC_0034269.jpg,mel
SPECB_ISIC_0030316.jpg,bkl
SPEC_ISIC_0025276.jpg,bkl
ISIC_0025583.jpg,bkl
ROT_ISIC_0028033.jpg,mel
ROT_ISIC_0026614.jpg,bkl
ROT_ISIC_0028749.jpg,bkl
ISIC_0026903.jpg,nv
ROT_ISIC_0030076.jpg,akiec
SPECB_ISIC_0030770.jpg,vasc
ISIC_0031293.jpg,nv
ROT_ISIC_0027126.jpg,mel
ISIC_0030560.jpg,nv
SPECB_ISIC_0032040.jpg,bkl
SPEC_ISIC_0024904.jpg,vasc
ISIC_0029628.jpg,nv
ISIC_0029388.jpg,nv
SPECB_ISIC_0032826.jpg,bkl
ROT_ISIC_0026230.jpg,bcc
ROT_ISIC_0027517.jpg,mel
ISIC_0025462.jpg,nv
SPEC_ISIC_0029548.jpg,bkl
ISIC_0024859.jpg,nv
ISIC_0029017.jpg,nv
ROT_ISIC_0031753.jpg,bkl
ISIC_0026714.jpg,bkl
SPECB_ISIC_0029319.jpg,mel
SPECB_ISIC_0032206.jpg,akiec
ISIC_0032921.jpg,mel
ISIC_0031751.jpg,nv
SPEC_ISIC_0032553.jpg,bkl
ISIC_0028801.jpg,nv
ISIC_0031345.jpg,bkl
ISIC_0029511.jpg,nv
SPEC_ISIC_0029539.jpg,bcc
ISIC_0030282.jpg,nv
ISIC_0025337.jpg,bkl
SPECB_ISIC_0034057.jpg,bkl
ISIC_0030707.jpg,akiec
ISIC_0026387.jpg,nv
ROT_ISIC_0030026.jpg,bkl
ISIC_0033532.jpg,nv
ISIC_0024586.jpg,nv
ROT_ISIC_0029489.jpg,bcc
ROT_ISIC_0033183.jpg,mel
ISIC_0027185.jpg,nv
ROT_ISIC_0028370.jpg,akiec
ISIC_0030589.jpg,nv
ISIC_0024498.jpg,bkl
ISIC_0032666.jpg,nv
ISIC_0032557.jpg,vasc
ISIC_0031714.jpg,nv
SPECB_ISIC_0033469.jpg,mel
SPEC_ISIC_0031138.jpg,bkl
SPEC_ISIC_0031578.jpg,akiec
ISIC_0028763.jpg,akiec
ISIC_0028138.jpg,nv
ISIC_0030797.jpg,nv
ISIC_0030564.jpg,mel
ISIC_0033057.jpg,nv
ISIC_0031394.jpg,bkl
ISIC_0030922.jpg,nv
SPECB_ISIC_0032437.jpg,akiec
ISIC_0027179.jpg,mel
ISIC_0025079.jpg,nv
ROT_ISIC_0032076.jpg,vasc
ISIC_0024486.jpg,nv
ROT_ISIC_0032768.jpg,bcc
ISIC_0031750.jpg,nv
ISIC_0028455.jpg,nv
SPECB_ISIC_0031996.jpg,vasc
ISIC_0027534.jpg,nv
ISIC_0032923.jpg,nv
ISIC_0031110.jpg,nv
ISIC_0026588.jpg,bcc
ISIC_0032879.jpg,mel
ISIC_0025358.jpg,akiec
ROT_ISIC_0032773.jpg,bkl
SPECB_ISIC_0029630.jpg,mel
ROT_ISIC_0025127.jpg,mel
SPEC_ISIC_0027550.jpg,akiec
SPEC_ISIC_0032043.jpg,bkl
SPECB_ISIC_0025575.jpg,bkl
ISIC_0033974.jpg,nv
ISIC_0025771.jpg,df
ROT_ISIC_0029776.jpg,bkl
SPEC_ISIC_0027526.jpg,bcc
ISIC_0033303.jpg,nv
SPEC_ISIC_0032164.jpg,bcc
ISIC_0032550.jpg,mel
ISIC_0032608.jpg,mel
ROT_ISIC_0032636.jpg,bkl
SPECB_ISIC_0025127.jpg,mel
ROT_ISIC_0025374.jpg,bkl
ISIC_0031231.jpg,nv
ISIC_0029837.jpg,bkl
ISIC_0032829.jpg,bkl
SPEC_ISIC_0024470.jpg,akiec
ROT_ISIC_0032963.jpg,bkl
ISIC_0032383.jpg,nv
ROT_ISIC_0029092.jpg,mel
SPEC_ISIC_0026867.jpg,bkl
ISIC_0029263.jpg,bcc
ISIC_0027855.jpg,nv
ISIC_0028974.jpg,nv
ROT_ISIC_0033957.jpg,mel
ROT_ISIC_0025292.jpg,bkl
ISIC_0031214.jpg,nv
SPECB_ISIC_0024711.jpg,bkl
SPEC_ISIC_0033480.jpg,mel
SPECB_ISIC_0025275.jpg,bkl
ISIC_0028041.jpg,mel
ISIC_0030580.jpg,bcc
SPEC_ISIC_0029541.jpg,akiec
ROT_ISIC_0026844.jpg,bkl
ISIC_0034314.jpg,nv
ISIC_0025819.jpg,bkl
ROT_ISIC_0024947.jpg,bkl
SPEC_ISIC_0025199.jpg,bkl
ISIC_0026569.jpg,bcc
SPEC_ISIC_0025434.jpg,bkl
ISIC_0029134.jpg,nv
ROT_ISIC_0029891.jpg,df
SPEC_ISIC_0026590.jpg,bkl
SPECB_ISIC_0031943.jpg,bcc
ISIC_0027030.jpg,bkl
ISIC_0034294.jpg,mel
ROT_ISIC_0026893.jpg,akiec
ISIC_0031149.jpg,nv
ISIC_0028252.jpg,nv
SPECB_ISIC_0029489.jpg,bcc
ISIC_0028925.jpg,bkl
SPECB_ISIC_0033526.jpg,mel
ISIC_0024585.jpg,nv
ISIC_0028227.jpg,mel
SPEC_ISIC_0032665.jpg,bkl
ISIC_0028656.jpg,mel
ROT_ISIC_0031545.jpg,mel
ISIC_0029290.jpg,nv
ISIC_0033475.jpg,nv
ISIC_0030593.jpg,nv
SPECB_ISIC_0033117.jpg,mel
ISIC_0030077.jpg,nv
SPECB_ISIC_0024705.jpg,bkl
ROT_ISIC_0026456.jpg,vasc
ISIC_0034003.jpg,bkl
ISIC_0025459.jpg,nv
ISIC_0033646.jpg,bkl
SPEC_ISIC_0024612.jpg,bkl
ROT_ISIC_0025509.jpg,bcc
SPEC_ISIC_0028389.jpg,bkl
ROT_ISIC_0033582.jpg,bkl
ISIC_0030723.jpg,bkl
ISIC_0032097.jpg,nv
SPECB_ISIC_0028707.jpg,akiec
SPECB_ISIC_0028977.jpg,bkl
ISIC_0032264.jpg,nv
ROT_ISIC_0027141.jpg,df
ISIC_0033220.jpg,nv
ROT_ISIC_0024336.jpg,bkl
ISIC_0031647.jpg,nv
ROT_ISIC_0024494.jpg,bkl
ISIC_0029313.jpg,nv
ISIC_0031602.jpg,mel
SPEC_ISIC_0029417.jpg,akiec
ISIC_0032058.jpg,nv
ROT_ISIC_0028880.jpg,df
SPECB_ISIC_0029571.jpg,mel
ISIC_0031541.jpg,nv
ISIC_0026972.jpg,nv
SPEC_ISIC_0025986.jpg,bkl
ISIC_0026659.jpg,nv
ISIC_0033538.jpg,mel
SPEC_ISIC_0026644.jpg,bkl
ISIC_0033168.jpg,nv
SPECB_ISIC_0033125.jpg,mel
SPECB_ISIC_0029082.jpg,bcc
ISIC_0026713.jpg,vasc
ISIC_0033708.jpg,mel
ROT_ISIC_0030991.jpg,akiec
ISIC_0031124.jpg,nv
ISIC_0033467.jpg,nv
SPEC_ISIC_0027710.jpg,bkl
ISIC_0030715.jpg,nv
SPECB_ISIC_0026072.jpg,bkl
SPEC_ISIC_0025548.jpg,bkl
ROT_ISIC_0030067.jpg,nv
ISIC_0033353.jpg,nv
ISIC_0025851.jpg,bkl
ROT_ISIC_0031217.jpg,vasc
ISIC_0027723.jpg,nv
ISIC_0026438.jpg,mel
SPECB_ISIC_0026265.jpg,bkl
ISIC_0026247.jpg,nv
ISIC_0027765.jpg,nv
ISIC_0034301.jpg,nv
ISIC_0028162.jpg,nv
ISIC_0033308.jpg,nv
ROT_ISIC_0030575.jpg,mel
ISIC_0028508.jpg,mel
SPECB_ISIC_0026765.jpg,akiec
ROT_ISIC_0030118.jpg,bkl
ISIC_0025528.jpg,nv
ISIC_0032910.jpg,nv
SPEC_ISIC_0032111.jpg,bkl
ISIC_0024421.jpg,nv
ISIC_0033199.jpg,bkl
ROT_ISIC_0026704.jpg,bkl
SPEC_ISIC_0028556.jpg,bcc
ISIC_0032797.jpg,mel
ISIC_0032392.jpg,nv
ISIC_0026210.jpg,nv
ISIC_0033742.jpg,nv
ISIC_0032793.jpg,nv
ISIC_0031213.jpg,nv
ISIC_0026561.jpg,nv
ROT_ISIC_0028582.jpg,mel
ROT_ISIC_0025238.jpg,mel
ROT_ISIC_0026159.jpg,mel
ISIC_0032825.jpg,nv
ISIC_0025285.jpg,bcc
ISIC_0028286.jpg,nv
SPECB_ISIC_0033716.jpg,bkl
SPECB_ISIC_0028765.jpg,bcc
ISIC_0027029.jpg,bkl
ROT_ISIC_0030423.jpg,mel
SPECB_ISIC_0026282.jpg,bcc
ROT_ISIC_0025793.jpg,bcc
ISIC_0028333.jpg,nv
SPEC_ISIC_0033123.jpg,vasc
ISIC_0026426.jpg,nv
ISIC_0031164.jpg,nv
ISIC_0030356.jpg,nv
ISIC_0029913.jpg,mel
ISIC_0034078.jpg,mel
SPEC_ISIC_0031122.jpg,bcc
ISIC_0029691.jpg,nv
ISIC_0032580.jpg,nv
ISIC_0028736.jpg,mel
ISIC_0026014.jpg,akiec
ISIC_0032806.jpg,mel
ISIC_0029269.jpg,nv
SPEC_ISIC_0028826.jpg,bkl
SPEC_ISIC_0029889.jpg,vasc
ROT_ISIC_0026321.jpg,bcc
ISIC_0025333.jpg,nv
SPEC_ISIC_0025373.jpg,df
ISIC_0030519.jpg,nv
SPEC_ISIC_0025650.jpg,bcc
ISIC_0027834.jpg,nv
SPEC_ISIC_0030188.jpg,bkl
ISIC_0028441.jpg,mel
ISIC_0027057.jpg,bcc
SPEC_ISIC_0033587.jpg,bkl
ISIC_0033853.jpg,bkl
SPEC_ISIC_0033201.jpg,bkl
ISIC_0031006.jpg,nv
ISIC_0028757.jpg,nv
ISIC_0024341.jpg,nv
SPEC_ISIC_0034070.jpg,mel
ROT_ISIC_0032736.jpg,mel
ISIC_0032180.jpg,nv
ISIC_0030010.jpg,bcc
ISIC_0029168.jpg,mel
SPEC_ISIC_0033200.jpg,bkl
SPECB_ISIC_0026877.jpg,mel
SPEC_ISIC_0032414.jpg,bcc
SPEC_ISIC_0025771.jpg,df
ISIC_0032261.jpg,nv
ISIC_0025731.jpg,bcc
SPECB_ISIC_0026556.jpg,bkl
SPECB_ISIC_0026868.jpg,akiec
ROT_ISIC_0027006.jpg,bkl
ISIC_0024940.jpg,mel
ROT_ISIC_0028931.jpg,bkl
ISIC_0032110.jpg,mel
SPECB_ISIC_0032847.jpg,mel
SPEC_ISIC_0028818.jpg,bcc
ISIC_0029197.jpg,nv
SPEC_ISIC_0027275.jpg,bkl
ROT_ISIC_0029602.jpg,bcc
ROT_ISIC_0029539.jpg,bcc
SPECB_ISIC_0032098.jpg,nv
ROT_ISIC_0032280.jpg,bkl
ISIC_0028102.jpg,nv
ROT_ISIC_0025780.jpg,akiec
SPEC_ISIC_0034155.jpg,bcc
ISIC_0033138.jpg,nv
ISIC_0031654.jpg,nv
SPEC_ISIC_0026961.jpg,bkl
ISIC_0033077.jpg,nv
ISIC_0030913.jpg,nv
SPECB_ISIC_0027263.jpg,mel
ROT_ISIC_0032845.jpg,mel
ISIC_0026952.jpg,bcc
ISIC_0028964.jpg,bcc
ROT_ISIC_0025484.jpg,bkl
ISIC_0029227.jpg,bkl
ROT_ISIC_0028797.jpg,mel
SPEC_ISIC_0030226.jpg,bkl
ISIC_0027824.jpg,nv
SPECB_ISIC_0026056.jpg,bcc
ISIC_0026503.jpg,nv
ISIC_0030640.jpg,nv
ISIC_0028488.jpg,nv
ISIC_0024757.jpg,mel
ISIC_0028234.jpg,nv
SPECB_ISIC_0025680.jpg,vasc
ISIC_0032968.jpg,mel
SPECB_ISIC_0028972.jpg,bkl
SPECB_ISIC_0034180.jpg,mel
ROT_ISIC_0030695.jpg,mel
ROT_ISIC_0030698.jpg,bkl
ISIC_0024393.jpg,nv
ISIC_0025481.jpg,nv
SPEC_ISIC_0030369.jpg,bkl
ROT_ISIC_0025351.jpg,bkl
ISIC_0034023.jpg,nv
SPEC_ISIC_0030104.jpg,vasc
ROT_ISIC_0027454.jpg,bkl
ISIC_0026700.jpg,nv
ISIC_0029517.jpg,nv
ISIC_0033462.jpg,nv
SPECB_ISIC_0032408.jpg,mel
SPECB_ISIC_0026420.jpg,mel
ISIC_0025931.jpg,mel
SPEC_ISIC_0024337.jpg,bkl
ISIC_0033609.jpg,bcc
ISIC_0031126.jpg,bcc
ISIC_0026313.jpg,df
ISIC_0033627.jpg,akiec
ISIC_0028585.jpg,nv
ISIC_0029021.jpg,mel
SPECB_ISIC_0026360.jpg,mel
ROT_ISIC_0028969.jpg,mel
ISIC_0033766.jpg,nv
SPECB_ISIC_0033124.jpg,bkl
ROT_ISIC_0034058.jpg,bcc
ISIC_0030739.jpg,nv
ISIC_0032842.jpg,bkl
SPECB_ISIC_0033198.jpg,mel
SPEC_ISIC_0025075.jpg,bkl
ISIC_0032564.jpg,mel
SPEC_ISIC_0033230.jpg,vasc
ISIC_0027931.jpg,nv
ROT_ISIC_0026266.jpg,mel
ISIC_0033186.jpg,mel
SPEC_ISIC_0024787.jpg,bcc
ISIC_0033895.jpg,nv
ISIC_0031470.jpg,bcc
ISIC_0026558.jpg,mel
ISIC_0027119.jpg,nv
ISIC_0033734.jpg,nv
SPEC_ISIC_0026015.jpg,bkl
ISIC_0032965.jpg,mel
SPEC_ISIC_0032445.jpg,bkl
SPECB_ISIC_0024932.jpg,mel
SPECB_ISIC_0029100.jpg,bkl
ISIC_0028551.jpg,bcc
ISIC_0028363.jpg,nv
ISIC_0027990.jpg,bkl
ISIC_0033781.jpg,nv
ROT_ISIC_0025451.jpg,nv
ISIC_0033064.jpg,bkl
ISIC_0024505.jpg,bkl
SPECB_ISIC_0026045.jpg,mel
ISIC_0030737.jpg,bcc
ROT_ISIC_0028693.jpg,bcc
SPEC_ISIC_0029474.jpg,bkl
SPECB_ISIC_0026590.jpg,bkl
SPECB_ISIC_0032482.jpg,bcc
ROT_ISIC_0026976.jpg,mel
ROT_ISIC_0033624.jpg,mel
SPEC_ISIC_0025752.jpg,bcc
ISIC_0033799.jpg,nv
ISIC_0032539.jpg,nv
ISIC_0029380.jpg,nv
ISIC_0024851.jpg,bkl
ROT_ISIC_0030276.jpg,bkl
ISIC_0030959.jpg,bkl
SPECB_ISIC_0030314.jpg,bcc
ISIC_0024779.jpg,nv
ISIC_0025252.jpg,nv
ROT_ISIC_0030138.jpg,bcc
ROT_ISIC_0028075.jpg,mel
ISIC_0029114.jpg,nv
ROT_ISIC_0031738.jpg,akiec
ISIC_0033249.jpg,nv
ISIC_0025694.jpg,nv
ISIC_0028089.jpg,nv
ROT_ISIC_0034022.jpg,mel
ISIC_0024703.jpg,nv
ISIC_0024833.jpg,bcc
ROT_ISIC_0031123.jpg,df
ISIC_0029748.jpg,nv
SPECB_ISIC_0027374.jpg,bkl
ISIC_0030840.jpg,nv
ISIC_0025858.jpg,nv
ISIC_0032551.jpg,nv
SPEC_ISIC_0033575.jpg,bcc
SPEC_ISIC_0031485.jpg,bkl
ROT_ISIC_0033579.jpg,bcc
SPECB_ISIC_0026532.jpg,bkl
ISIC_0028166.jpg,bkl
ISIC_0030179.jpg,nv
ISIC_0025905.jpg,nv
ISIC_0028050.jpg,bcc
ROT_ISIC_0030094.jpg,bcc
ISIC_0028924.jpg,nv
ISIC_0032884.jpg,nv
ISIC_0025394.jpg,nv
ISIC_0033884.jpg,bkl
ROT_ISIC_0024940.jpg,mel
SPEC_ISIC_0024760.jpg,bkl
ROT_ISIC_0026409.jpg,akiec
ISIC_0032390.jpg,nv
SPECB_ISIC_0033560.jpg,mel
ISIC_0031133.jpg,bkl
ISIC_0033223.jpg,nv
SPECB_ISIC_0024422.jpg,bkl
ISIC_0024728.jpg,nv
ISIC_0027146.jpg,bcc
ISIC_0027725.jpg,nv
ISIC_0025659.jpg,bkl
ISIC_0024999.jpg,mel
ISIC_0026219.jpg,bkl
ISIC_0027543.jpg,nv
ISIC_0032230.jpg,bkl
ISIC_0034045.jpg,nv
ISIC_0034212.jpg,nv
ISIC_0029921.jpg,nv
SPEC_ISIC_0026606.jpg,bkl
ISIC_0028543.jpg,mel
ISIC_0029849.jpg,bkl
SPEC_ISIC_0027194.jpg,bkl
SPECB_ISIC_0032462.jpg,mel
ROT_ISIC_0030586.jpg,akiec
ISIC_0028887.jpg,mel
ROT_ISIC_0027998.jpg,bcc
ISIC_0027982.jpg,bkl
SPECB_ISIC_0033730.jpg,mel
ISIC_0033313.jpg,nv
ROT_ISIC_0026802.jpg,mel
ISIC_0031711.jpg,mel
SPEC_ISIC_0033437.jpg,bkl
ISIC_0033292.jpg,nv
ROT_ISIC_0026276.jpg,bkl
SPEC_ISIC_0026016.jpg,bkl
ROT_ISIC_0032179.jpg,bkl
ISIC_0033960.jpg,nv
ISIC_0031033.jpg,nv
